"experiment_id","architecture","workload_id","trial_number","status"
"EC2-W01-T01","EC2","W01","1","PENDING"
"EC2-W01-T02","EC2","W01","2","PENDING"
"EC2-W01-T03","EC2","W01","3","PENDING"
"EC2-W02-T01","EC2","W02","1","PENDING"
"EC2-W02-T02","EC2","W02","2","PENDING"
"EC2-W02-T03","EC2","W02","3","PENDING"
"EC2-W03-T01","EC2","W03","1","PENDING"
"EC2-W03-T02","EC2","W03","2","PENDING"
"EC2-W03-T03","EC2","W03","3","PENDING"
"EC2-W04-T01","EC2","W04","1","PENDING"
"EC2-W04-T02","EC2","W04","2","PENDING"
"EC2-W04-T03","EC2","W04","3","PENDING"
"EC2-W05-T01","EC2","W05","1","PENDING"
"EC2-W05-T02","EC2","W05","2","PENDING"
"EC2-W05-T03","EC2","W05","3","PENDING"
"EC2-W06-T01","EC2","W06","1","PENDING"
"EC2-W06-T02","EC2","W06","2","PENDING"
"EC2-W06-T03","EC2","W06","3","PENDING"
"SVL-W01-T01","SVL","W01","1","PENDING"
"SVL-W01-T02","SVL","W01","2","PENDING"
"SVL-W01-T03","SVL","W01","3","PENDING"
"SVL-W02-T01","SVL","W02","1","PENDING"
"SVL-W02-T02","SVL","W02","2","PENDING"
"SVL-W02-T03","SVL","W02","3","PENDING"
"SVL-W03-T01","SVL","W03","1","PENDING"
"SVL-W03-T02","SVL","W03","2","PENDING"
"SVL-W03-T03","SVL","W03","3","PENDING"
"SVL-W04-T01","SVL","W04","1","PENDING"
"SVL-W04-T02","SVL","W04","2","PENDING"
"SVL-W04-T03","SVL","W04","3","PENDING"
"SVL-W05-T01","SVL","W05","1","PENDING"
"SVL-W05-T02","SVL","W05","2","PENDING"
"SVL-W05-T03","SVL","W05","3","PENDING"
"SVL-W06-T01","SVL","W06","1","PENDING"
"SVL-W06-T02","SVL","W06","2","PENDING"
"SVL-W06-T03","SVL","W06","3","PENDING"
