"experiment_id","trial_number","run_start_utc","run_end_utc","architecture","workload_id","workload_type","aws_region","concurrent_users","spawn_rate","duration_seconds","compute_iterations","total_requests","successful_requests","failed_requests","failure_rate_percent","avg_latency_ms","median_latency_ms","p95_latency_ms","p99_latency_ms","min_latency_ms","max_latency_ms","requests_per_second","ec2_cpu_avg_percent","ec2_cpu_max_percent","ec2_network_in_bytes","ec2_network_out_bytes","ec2_status_check_failed","lambda_invocations","lambda_duration_avg_ms","lambda_errors","lambda_throttles","lambda_concurrency_peak","api_gateway_count","api_gateway_4xx","api_gateway_5xx","api_gateway_latency_avg_ms","api_gateway_integration_latency_avg_ms","actual_cost_usd","estimated_cost_usd","cost_per_1000_successful_requests_usd","application_commit","terraform_commit","notes"
"EC2-W01-T01","1","2026-08-16T15:42:50.531Z","2026-08-16T15:43:52.050Z","EC2","W01","Low","ap-south-1","5","1","60","25000","587","587","0","0","125.368657","110","220","410","95.0277","528.416","10.065014","0.14178","0.14178","628","949","0","NOT_APPLICABLE","NOT_APPLICABLE","NOT_APPLICABLE","NOT_APPLICABLE","NOT_APPLICABLE","NOT_APPLICABLE","NOT_APPLICABLE","NOT_APPLICABLE","NOT_APPLICABLE","NOT_APPLICABLE","NOT_DIRECTLY_ATTRIBUTABLE","0.000473555556","0.000806738595","fbd1349190b47dab20560d27c5921b9c6c2c3385","c7b5bd43f14e3088e77009e23e3313482138ce27","Formal measured trial; current AWS list-price estimate; Free Tier, credits and discounts excluded; exact invoice-level per-trial cost not directly attributable."
"EC2-W01-T02","2","2026-08-16T15:43:55.103Z","2026-08-16T15:44:55.983Z","EC2","W01","Low","ap-south-1","5","1","60","25000","592","592","0","0","119.786687","110","170","320","98.5733","457.8625","10.166431","10.150213","10.150213","160866","217205","0","NOT_APPLICABLE","NOT_APPLICABLE","NOT_APPLICABLE","NOT_APPLICABLE","NOT_APPLICABLE","NOT_APPLICABLE","NOT_APPLICABLE","NOT_APPLICABLE","NOT_APPLICABLE","NOT_APPLICABLE","NOT_DIRECTLY_ATTRIBUTABLE","0.000473555556","0.000799924925","fbd1349190b47dab20560d27c5921b9c6c2c3385","c7b5bd43f14e3088e77009e23e3313482138ce27","Formal measured trial; current AWS list-price estimate; Free Tier, credits and discounts excluded; exact invoice-level per-trial cost not directly attributable."
"EC2-W01-T03","3","2026-08-16T15:44:58.821Z","2026-08-16T15:45:59.639Z","EC2","W01","Low","ap-south-1","5","1","60","25000","587","587","0","0","124.426768","100","200","440","97.5827","751.3679","10.055258","11.317387","11.317387","153152","211238","0","NOT_APPLICABLE","NOT_APPLICABLE","NOT_APPLICABLE","NOT_APPLICABLE","NOT_APPLICABLE","NOT_APPLICABLE","NOT_APPLICABLE","NOT_APPLICABLE","NOT_APPLICABLE","NOT_APPLICABLE","NOT_DIRECTLY_ATTRIBUTABLE","0.000473555556","0.000806738595","fbd1349190b47dab20560d27c5921b9c6c2c3385","c7b5bd43f14e3088e77009e23e3313482138ce27","Formal measured trial; current AWS list-price estimate; Free Tier, credits and discounts excluded; exact invoice-level per-trial cost not directly attributable."
"EC2-W02-T01","1","2026-08-16T16:06:16.757Z","2026-08-16T16:07:17.805Z","EC2","W02","Moderate","ap-south-1","15","3","60","25000","1247","1247","0","0","326.49437","130","1700","3100","96.0499","3665.6223","21.326765","16.261449","16.261449","222273","326706","0","NOT_APPLICABLE","NOT_APPLICABLE","NOT_APPLICABLE","NOT_APPLICABLE","NOT_APPLICABLE","NOT_APPLICABLE","NOT_APPLICABLE","NOT_APPLICABLE","NOT_APPLICABLE","NOT_APPLICABLE","NOT_DIRECTLY_ATTRIBUTABLE","0.000473555556","0.000379755859","fbd1349190b47dab20560d27c5921b9c6c2c3385","c7b5bd43f14e3088e77009e23e3313482138ce27","Formal measured trial; current AWS list-price estimate; Free Tier, credits and discounts excluded; exact invoice-level per-trial cost not directly attributable."
"EC2-W02-T02","2","2026-08-16T16:07:21.097Z","2026-08-16T16:08:22.022Z","EC2","W02","Moderate","ap-south-1","15","3","60","25000","1724","1724","0","0","134.254599","120","210","460","98.3602","775.7501","29.512425","30.550459","30.550459","409967","586597","0","NOT_APPLICABLE","NOT_APPLICABLE","NOT_APPLICABLE","NOT_APPLICABLE","NOT_APPLICABLE","NOT_APPLICABLE","NOT_APPLICABLE","NOT_APPLICABLE","NOT_APPLICABLE","NOT_APPLICABLE","NOT_DIRECTLY_ATTRIBUTABLE","0.000473555556","0.000274684197","fbd1349190b47dab20560d27c5921b9c6c2c3385","c7b5bd43f14e3088e77009e23e3313482138ce27","Formal measured trial; current AWS list-price estimate; Free Tier, credits and discounts excluded; exact invoice-level per-trial cost not directly attributable."
"EC2-W02-T03","3","2026-08-16T16:08:25.742Z","2026-08-16T16:09:26.903Z","EC2","W02","Moderate","ap-south-1","15","3","60","25000","1708","1708","0","0","139.510615","120","280","420","98.8224","710.7107","29.260502","39.533333","39.533333","455300","659729","0","NOT_APPLICABLE","NOT_APPLICABLE","NOT_APPLICABLE","NOT_APPLICABLE","NOT_APPLICABLE","NOT_APPLICABLE","NOT_APPLICABLE","NOT_APPLICABLE","NOT_APPLICABLE","NOT_APPLICABLE","NOT_DIRECTLY_ATTRIBUTABLE","0.000473555556","0.000277257351","fbd1349190b47dab20560d27c5921b9c6c2c3385","c7b5bd43f14e3088e77009e23e3313482138ce27","Formal measured trial; current AWS list-price estimate; Free Tier, credits and discounts excluded; exact invoice-level per-trial cost not directly attributable."
"EC2-W03-T01","1","2026-08-16T16:14:15.885Z","2026-08-16T16:15:17.222Z","EC2","W03","High","ap-south-1","30","5","60","25000","2980","2980","0","0","208.217242","200","310","390","95.4605","634.3192","51.034251","38.666667","38.666667","413250","640645","0","NOT_APPLICABLE","NOT_APPLICABLE","NOT_APPLICABLE","NOT_APPLICABLE","NOT_APPLICABLE","NOT_APPLICABLE","NOT_APPLICABLE","NOT_APPLICABLE","NOT_APPLICABLE","NOT_APPLICABLE","NOT_DIRECTLY_ATTRIBUTABLE","0.000473555556","0.000158911260","fbd1349190b47dab20560d27c5921b9c6c2c3385","c7b5bd43f14e3088e77009e23e3313482138ce27","Formal measured trial; current AWS list-price estimate; Free Tier, credits and discounts excluded; exact invoice-level per-trial cost not directly attributable."
"EC2-W03-T02","2","2026-08-16T16:15:19.371Z","2026-08-16T16:16:20.044Z","EC2","W03","High","ap-south-1","30","5","60","25000","2967","2967","0","0","220.07735","210","350","650","97.7002","1123.0623","49.984656","88.512523","88.512523","788168","1225851","0","NOT_APPLICABLE","NOT_APPLICABLE","NOT_APPLICABLE","NOT_APPLICABLE","NOT_APPLICABLE","NOT_APPLICABLE","NOT_APPLICABLE","NOT_APPLICABLE","NOT_APPLICABLE","NOT_APPLICABLE","NOT_DIRECTLY_ATTRIBUTABLE","0.000473555556","0.000159607535","fbd1349190b47dab20560d27c5921b9c6c2c3385","c7b5bd43f14e3088e77009e23e3313482138ce27","Formal measured trial; current AWS list-price estimate; Free Tier, credits and discounts excluded; exact invoice-level per-trial cost not directly attributable."
"EC2-W03-T03","3","2026-08-16T16:16:22.116Z","2026-08-16T16:17:22.719Z","EC2","W03","High","ap-south-1","30","5","60","25000","1797","1797","0","0","596.2583","420","1500","3100","101.8709","4267.6604","30.154025","73.050107","73.050107","750073","1115174","0","NOT_APPLICABLE","NOT_APPLICABLE","NOT_APPLICABLE","NOT_APPLICABLE","NOT_APPLICABLE","NOT_APPLICABLE","NOT_APPLICABLE","NOT_APPLICABLE","NOT_APPLICABLE","NOT_APPLICABLE","NOT_DIRECTLY_ATTRIBUTABLE","0.000473555556","0.000263525629","fbd1349190b47dab20560d27c5921b9c6c2c3385","c7b5bd43f14e3088e77009e23e3313482138ce27","Formal measured trial; current AWS list-price estimate; Free Tier, credits and discounts excluded; exact invoice-level per-trial cost not directly attributable."
"EC2-W04-T01","1","2026-08-16T16:28:55.178Z","2026-08-16T16:29:56.094Z","EC2","W04","Sudden-Burst","ap-south-1","30","30","60","25000","3066","3066","0","0","225.399847","200","410","620","100.0414","973.4546","51.639856","0.15","0.15","7703","5508","0","NOT_APPLICABLE","NOT_APPLICABLE","NOT_APPLICABLE","NOT_APPLICABLE","NOT_APPLICABLE","NOT_APPLICABLE","NOT_APPLICABLE","NOT_APPLICABLE","NOT_APPLICABLE","NOT_APPLICABLE","NOT_DIRECTLY_ATTRIBUTABLE","0.000473555556","0.000154453867","fbd1349190b47dab20560d27c5921b9c6c2c3385","c7b5bd43f14e3088e77009e23e3313482138ce27","Formal measured trial; current AWS list-price estimate; Free Tier, credits and discounts excluded; exact invoice-level per-trial cost not directly attributable."
"EC2-W04-T02","2","2026-08-16T16:29:58.623Z","2026-08-16T16:30:59.358Z","EC2","W04","Sudden-Burst","ap-south-1","30","30","60","25000","3136","3136","0","0","214.377464","200","340","460","96.5168","800.6035","52.810471","73.512514","73.512514","745692","1154978","0","NOT_APPLICABLE","NOT_APPLICABLE","NOT_APPLICABLE","NOT_APPLICABLE","NOT_APPLICABLE","NOT_APPLICABLE","NOT_APPLICABLE","NOT_APPLICABLE","NOT_APPLICABLE","NOT_APPLICABLE","NOT_DIRECTLY_ATTRIBUTABLE","0.000473555556","0.000151006236","fbd1349190b47dab20560d27c5921b9c6c2c3385","c7b5bd43f14e3088e77009e23e3313482138ce27","Formal measured trial; current AWS list-price estimate; Free Tier, credits and discounts excluded; exact invoice-level per-trial cost not directly attributable."
"EC2-W04-T03","3","2026-08-16T16:31:01.932Z","2026-08-16T16:32:02.750Z","EC2","W04","Sudden-Burst","ap-south-1","30","30","60","25000","3024","3024","0","0","235.235079","210","450","610","94.8381","1205.066","50.88345","86.910908","86.910908","823257","1289354","0","NOT_APPLICABLE","NOT_APPLICABLE","NOT_APPLICABLE","NOT_APPLICABLE","NOT_APPLICABLE","NOT_APPLICABLE","NOT_APPLICABLE","NOT_APPLICABLE","NOT_APPLICABLE","NOT_APPLICABLE","NOT_DIRECTLY_ATTRIBUTABLE","0.000473555556","0.000156599059","fbd1349190b47dab20560d27c5921b9c6c2c3385","c7b5bd43f14e3088e77009e23e3313482138ce27","Formal measured trial; current AWS list-price estimate; Free Tier, credits and discounts excluded; exact invoice-level per-trial cost not directly attributable."
"EC2-W05-T01","1","2026-08-16T16:43:45.668Z","2026-08-16T16:44:46.463Z","EC2","W05","Idle-to-Burst","ap-south-1","30","30","60","25000","3180","3180","0","0","205.962815","200","270","410","95.0234","775.8377","53.582928","0.15013","0.15013","43784","57247","0","NOT_APPLICABLE","NOT_APPLICABLE","NOT_APPLICABLE","NOT_APPLICABLE","NOT_APPLICABLE","NOT_APPLICABLE","NOT_APPLICABLE","NOT_APPLICABLE","NOT_APPLICABLE","NOT_APPLICABLE","NOT_DIRECTLY_ATTRIBUTABLE","0.002841333333","0.000893501048","fbd1349190b47dab20560d27c5921b9c6c2c3385","c7b5bd43f14e3088e77009e23e3313482138ce27","Formal measured trial; current AWS list-price estimate; Free Tier, credits and discounts excluded; exact invoice-level per-trial cost not directly attributable."
"EC2-W05-T02","2","2026-08-16T16:49:49.313Z","2026-08-16T16:50:50.297Z","EC2","W05","Idle-to-Burst","ap-south-1","30","30","60","25000","3145","3145","0","0","211.024736","200","280","560","99.1834","984.4314","52.942985","0.141556","0.141556","821","991","0","NOT_APPLICABLE","NOT_APPLICABLE","NOT_APPLICABLE","NOT_APPLICABLE","NOT_APPLICABLE","NOT_APPLICABLE","NOT_APPLICABLE","NOT_APPLICABLE","NOT_APPLICABLE","NOT_APPLICABLE","NOT_DIRECTLY_ATTRIBUTABLE","0.002841333333","0.000903444621","fbd1349190b47dab20560d27c5921b9c6c2c3385","c7b5bd43f14e3088e77009e23e3313482138ce27","Formal measured trial; current AWS list-price estimate; Free Tier, credits and discounts excluded; exact invoice-level per-trial cost not directly attributable."
"EC2-W05-T03","3","2026-08-16T16:55:53.194Z","2026-08-16T16:56:54.231Z","EC2","W05","Idle-to-Burst","ap-south-1","30","30","60","25000","1520","1520","0","0","454.479554","210","640","1200","98.1262","29426.2369","25.583483","0.15012","0.15012","453","523","0","NOT_APPLICABLE","NOT_APPLICABLE","NOT_APPLICABLE","NOT_APPLICABLE","NOT_APPLICABLE","NOT_APPLICABLE","NOT_APPLICABLE","NOT_APPLICABLE","NOT_APPLICABLE","NOT_APPLICABLE","NOT_DIRECTLY_ATTRIBUTABLE","0.002841333333","0.001869298246","fbd1349190b47dab20560d27c5921b9c6c2c3385","c7b5bd43f14e3088e77009e23e3313482138ce27","Formal measured trial; current AWS list-price estimate; Free Tier, credits and discounts excluded; exact invoice-level per-trial cost not directly attributable."
"EC2-W06-T01","1","2026-08-16T17:22:42.772Z","2026-08-16T17:27:43.912Z","EC2","W06","Sustained","ap-south-1","20","4","300","25000","9917","9917","0","0","236.717622","170","550","920","91.1129","3654.1091","33.2385","41.267021","55.233333","2252681","3398281","0","NOT_APPLICABLE","NOT_APPLICABLE","NOT_APPLICABLE","NOT_APPLICABLE","NOT_APPLICABLE","NOT_APPLICABLE","NOT_APPLICABLE","NOT_APPLICABLE","NOT_APPLICABLE","NOT_APPLICABLE","NOT_DIRECTLY_ATTRIBUTABLE","0.002367777778","0.000238759481","fbd1349190b47dab20560d27c5921b9c6c2c3385","c7b5bd43f14e3088e77009e23e3313482138ce27","Formal measured trial; current AWS list-price estimate; Free Tier, credits and discounts excluded; exact invoice-level per-trial cost not directly attributable."
"EC2-W06-T02","2","2026-08-16T17:27:47.371Z","2026-08-16T17:32:48.488Z","EC2","W06","Sustained","ap-south-1","20","4","300","25000","6701","6690","11","0.164155","396.945601","180","540","1100","98.313","97138.1676","22.443659","37.329795","60.291667","1947624","2942190","0","NOT_APPLICABLE","NOT_APPLICABLE","NOT_APPLICABLE","NOT_APPLICABLE","NOT_APPLICABLE","NOT_APPLICABLE","NOT_APPLICABLE","NOT_APPLICABLE","NOT_APPLICABLE","NOT_APPLICABLE","NOT_DIRECTLY_ATTRIBUTABLE","0.002367777778","0.000353927919","fbd1349190b47dab20560d27c5921b9c6c2c3385","c7b5bd43f14e3088e77009e23e3313482138ce27","Formal measured trial; current AWS list-price estimate; Free Tier, credits and discounts excluded; exact invoice-level per-trial cost not directly attributable."
"EC2-W06-T03","3","2026-08-16T17:32:51.715Z","2026-08-16T17:40:55.369Z","EC2","W06","Sustained","ap-south-1","20","4","300","25000","2996","2991","5","0.166889","1082.852577","210","1900","5100","100.2576","350411.6412","6.240688","17.390468","52.410342","1641118","2438723","0","NOT_APPLICABLE","NOT_APPLICABLE","NOT_APPLICABLE","NOT_APPLICABLE","NOT_APPLICABLE","NOT_APPLICABLE","NOT_APPLICABLE","NOT_APPLICABLE","NOT_APPLICABLE","NOT_APPLICABLE","NOT_DIRECTLY_ATTRIBUTABLE","0.002367777778","0.000791634162","fbd1349190b47dab20560d27c5921b9c6c2c3385","c7b5bd43f14e3088e77009e23e3313482138ce27","Formal measured trial; current AWS list-price estimate; Free Tier, credits and discounts excluded; exact invoice-level per-trial cost not directly attributable."
"SVL-W01-T01","1","2026-08-16T15:46:05.171Z","2026-08-16T15:47:06.241Z","SVL","W01","Low","ap-south-1","5","1","60","25000","595","595","0","0","129.674531","120","190","460","104.3807","725.3927","10.030918","NOT_APPLICABLE","NOT_APPLICABLE","NOT_APPLICABLE","NOT_APPLICABLE","NOT_APPLICABLE","525","23.363981","0","0","4","525","0","0","32.401905","30.714286","NOT_DIRECTLY_ATTRIBUTABLE","0.000860685243","0.001446529820","fbd1349190b47dab20560d27c5921b9c6c2c3385","c7b5bd43f14e3088e77009e23e3313482138ce27","Formal measured trial; current AWS list-price estimate; Free Tier, credits and discounts excluded; exact invoice-level per-trial cost not directly attributable."
"SVL-W01-T02","2","2026-08-16T15:47:11.207Z","2026-08-16T15:48:12.237Z","SVL","W01","Low","ap-south-1","5","1","60","25000","585","585","0","0","123.731278","120","140","300","102.4058","479.504","10.01064","NOT_APPLICABLE","NOT_APPLICABLE","NOT_APPLICABLE","NOT_APPLICABLE","NOT_APPLICABLE","530","23.745019","0","0","3","530","0","0","31.049057","30.124528","NOT_DIRECTLY_ATTRIBUTABLE","0.000872248087","0.001491022372","fbd1349190b47dab20560d27c5921b9c6c2c3385","c7b5bd43f14e3088e77009e23e3313482138ce27","Formal measured trial; current AWS list-price estimate; Free Tier, credits and discounts excluded; exact invoice-level per-trial cost not directly attributable."
"SVL-W01-T03","3","2026-08-16T15:48:16.787Z","2026-08-16T15:49:17.753Z","SVL","W01","Low","ap-south-1","5","1","60","25000","591","591","0","0","124.722832","120","160","330","103.762","428.3176","10.109367","NOT_APPLICABLE","NOT_APPLICABLE","NOT_APPLICABLE","NOT_APPLICABLE","NOT_APPLICABLE","540","24.549056","0","0","3","540","0","0","31.62037","30.705556","NOT_DIRECTLY_ATTRIBUTABLE","0.000895941946","0.001515976220","fbd1349190b47dab20560d27c5921b9c6c2c3385","c7b5bd43f14e3088e77009e23e3313482138ce27","Formal measured trial; current AWS list-price estimate; Free Tier, credits and discounts excluded; exact invoice-level per-trial cost not directly attributable."
"SVL-W02-T01","1","2026-08-16T16:09:31.386Z","2026-08-16T16:10:32.021Z","SVL","W02","Moderate","ap-south-1","15","3","60","25000","1754","1754","0","0","138.620279","120","270","380","100.81","648.8052","29.541218","NOT_APPLICABLE","NOT_APPLICABLE","NOT_APPLICABLE","NOT_APPLICABLE","NOT_APPLICABLE","768","25.400013","0","0","7","768","0","0","34.808594","33.423177","NOT_DIRECTLY_ATTRIBUTABLE","0.001285120817","0.000732680055","fbd1349190b47dab20560d27c5921b9c6c2c3385","c7b5bd43f14e3088e77009e23e3313482138ce27","Formal measured trial; current AWS list-price estimate; Free Tier, credits and discounts excluded; exact invoice-level per-trial cost not directly attributable."
"SVL-W02-T02","2","2026-08-16T16:10:35.555Z","2026-08-16T16:11:36.188Z","SVL","W02","Moderate","ap-south-1","15","3","60","25000","1448","1443","5","0.345304","236.530818","130","770","1300","107.3592","1687.7838","24.502098","NOT_APPLICABLE","NOT_APPLICABLE","NOT_APPLICABLE","NOT_APPLICABLE","NOT_APPLICABLE","1536","25.778809","0","4","10","1540","0","4","32.954545","31.923377","NOT_DIRECTLY_ATTRIBUTABLE","0.002584138830","0.001790810000","fbd1349190b47dab20560d27c5921b9c6c2c3385","c7b5bd43f14e3088e77009e23e3313482138ce27","Formal measured trial; current AWS list-price estimate; Free Tier, credits and discounts excluded; exact invoice-level per-trial cost not directly attributable."
"SVL-W02-T03","3","2026-08-16T16:11:39.961Z","2026-08-16T16:12:40.657Z","SVL","W02","Moderate","ap-south-1","15","3","60","25000","1705","1705","0","0","148.153598","130","240","520","104.2303","2601.9128","28.726505","NOT_APPLICABLE","NOT_APPLICABLE","NOT_APPLICABLE","NOT_APPLICABLE","NOT_APPLICABLE","1366","26.130271","0","1","10","1367","0","1","33.062911","31.953182","NOT_DIRECTLY_ATTRIBUTABLE","0.002303450360","0.001350997278","fbd1349190b47dab20560d27c5921b9c6c2c3385","c7b5bd43f14e3088e77009e23e3313482138ce27","Formal measured trial; current AWS list-price estimate; Free Tier, credits and discounts excluded; exact invoice-level per-trial cost not directly attributable."
"SVL-W03-T01","1","2026-08-16T16:17:27.770Z","2026-08-16T16:18:28.391Z","SVL","W03","High","ap-south-1","30","5","60","25000","2440","2223","217","8.893443","344.69461","150","1200","2400","92.1616","2649.3288","40.988617","NOT_APPLICABLE","NOT_APPLICABLE","NOT_APPLICABLE","NOT_APPLICABLE","NOT_APPLICABLE","1210","26.623347","0","132","10","1342","0","132","31.4538","30.471684","NOT_DIRECTLY_ATTRIBUTABLE","0.002188005238","0.000984257867","fbd1349190b47dab20560d27c5921b9c6c2c3385","c7b5bd43f14e3088e77009e23e3313482138ce27","Formal measured trial; current AWS list-price estimate; Free Tier, credits and discounts excluded; exact invoice-level per-trial cost not directly attributable."
"SVL-W03-T02","2","2026-08-16T16:18:34.242Z","2026-08-16T16:19:34.989Z","SVL","W03","High","ap-south-1","30","5","60","25000","3465","3442","23","0.663781","135.961455","120","210","330","82.5948","1174.2008","58.036833","NOT_APPLICABLE","NOT_APPLICABLE","NOT_APPLICABLE","NOT_APPLICABLE","NOT_APPLICABLE","2313","26.17971","0","90","10","2404","0","90","31.831531","30.886439","NOT_DIRECTLY_ATTRIBUTABLE","0.003996029839","0.001160961603","fbd1349190b47dab20560d27c5921b9c6c2c3385","c7b5bd43f14e3088e77009e23e3313482138ce27","Formal measured trial; current AWS list-price estimate; Free Tier, credits and discounts excluded; exact invoice-level per-trial cost not directly attributable."
"SVL-W03-T03","3","2026-08-16T16:19:46.210Z","2026-08-16T16:20:57.514Z","SVL","W03","High","ap-south-1","30","5","60","25000","1407","1369","38","2.700782","496.797637","130","300","1100","94.8986","40116.0388","20.982509","NOT_APPLICABLE","NOT_APPLICABLE","NOT_APPLICABLE","NOT_APPLICABLE","NOT_APPLICABLE","2595","26.275981","0","18","10","2612","0","18","32.629403","31.686064","NOT_DIRECTLY_ATTRIBUTABLE","0.004398038451","0.003212592002","fbd1349190b47dab20560d27c5921b9c6c2c3385","c7b5bd43f14e3088e77009e23e3313482138ce27","Formal measured trial; current AWS list-price estimate; Free Tier, credits and discounts excluded; exact invoice-level per-trial cost not directly attributable."
"SVL-W04-T01","1","2026-08-16T16:32:07.226Z","2026-08-16T16:33:07.989Z","SVL","W04","Sudden-Burst","ap-south-1","30","30","60","25000","3663","3643","20","0.546001","134.472822","120","130","530","99.5952","1525.5021","61.704324","NOT_APPLICABLE","NOT_APPLICABLE","NOT_APPLICABLE","NOT_APPLICABLE","NOT_APPLICABLE","3123","25.870554","0","20","10","3143","0","20","33.81069","32.752466","NOT_DIRECTLY_ATTRIBUTABLE","0.005271315029","0.001446970911","fbd1349190b47dab20560d27c5921b9c6c2c3385","c7b5bd43f14e3088e77009e23e3313482138ce27","Formal measured trial; current AWS list-price estimate; Free Tier, credits and discounts excluded; exact invoice-level per-trial cost not directly attributable."
"SVL-W04-T02","2","2026-08-16T16:33:12.335Z","2026-08-16T16:34:13.004Z","SVL","W04","Sudden-Burst","ap-south-1","30","30","60","25000","3367","3352","15","0.4455","175.128573","130","390","510","96.2769","1024.6543","56.5654","NOT_APPLICABLE","NOT_APPLICABLE","NOT_APPLICABLE","NOT_APPLICABLE","NOT_APPLICABLE","3067","25.991014","0","13","10","3080","0","13","32.234416","31.302273","NOT_DIRECTLY_ATTRIBUTABLE","0.005175976656","0.001544145780","fbd1349190b47dab20560d27c5921b9c6c2c3385","c7b5bd43f14e3088e77009e23e3313482138ce27","Formal measured trial; current AWS list-price estimate; Free Tier, credits and discounts excluded; exact invoice-level per-trial cost not directly attributable."
"SVL-W04-T03","3","2026-08-16T16:34:22.125Z","2026-08-16T16:35:22.881Z","SVL","W04","Sudden-Burst","ap-south-1","30","30","60","25000","3533","3522","11","0.31135","148.701565","120","380","500","98.2074","770.3863","59.518568","NOT_APPLICABLE","NOT_APPLICABLE","NOT_APPLICABLE","NOT_APPLICABLE","NOT_APPLICABLE","2922","25.802936","0","13","10","2935","0","13","32.410562","31.469165","NOT_DIRECTLY_ATTRIBUTABLE","0.004922755496","0.001397715927","fbd1349190b47dab20560d27c5921b9c6c2c3385","c7b5bd43f14e3088e77009e23e3313482138ce27","Formal measured trial; current AWS list-price estimate; Free Tier, credits and discounts excluded; exact invoice-level per-trial cost not directly attributable."
"SVL-W05-T01","1","2026-08-16T17:01:59.286Z","2026-08-16T17:03:00.529Z","SVL","W05","Idle-to-Burst","ap-south-1","30","30","60","25000","3193","3135","58","1.816474","194.150009","130","480","780","97.9181","1364.5547","54.703099","NOT_APPLICABLE","NOT_APPLICABLE","NOT_APPLICABLE","NOT_APPLICABLE","NOT_APPLICABLE","3113","25.786473","0","58","10","3171","0","58","33.037843","31.989909","NOT_DIRECTLY_ATTRIBUTABLE","0.005290040850","0.001687413349","fbd1349190b47dab20560d27c5921b9c6c2c3385","c7b5bd43f14e3088e77009e23e3313482138ce27","Formal measured trial; current AWS list-price estimate; Free Tier, credits and discounts excluded; exact invoice-level per-trial cost not directly attributable."
"SVL-W05-T02","2","2026-08-16T17:12:15.509Z","2026-08-16T17:13:16.623Z","SVL","W05","Idle-to-Burst","ap-south-1","30","30","60","25000","3438","3420","18","0.52356","155.736776","130","270","690","99.9223","1502.9617","58.823797","NOT_APPLICABLE","NOT_APPLICABLE","NOT_APPLICABLE","NOT_APPLICABLE","NOT_APPLICABLE","2386","26.007221","0","18","10","2404","0","18","33.403078","32.310316","NOT_DIRECTLY_ATTRIBUTABLE","0.004035622557","0.001180006596","fbd1349190b47dab20560d27c5921b9c6c2c3385","c7b5bd43f14e3088e77009e23e3313482138ce27","Formal measured trial; current AWS list-price estimate; Free Tier, credits and discounts excluded; exact invoice-level per-trial cost not directly attributable."
"SVL-W05-T03","3","2026-08-16T17:18:21.766Z","2026-08-16T17:19:22.871Z","SVL","W05","Idle-to-Burst","ap-south-1","30","30","60","25000","3429","3415","14","0.408282","156.018661","140","270","560","104.0464","732.8308","58.650787","NOT_APPLICABLE","NOT_APPLICABLE","NOT_APPLICABLE","NOT_APPLICABLE","NOT_APPLICABLE","2073","25.806035","0","14","10","2087","0","14","33.253953","32.082415","NOT_DIRECTLY_ATTRIBUTABLE","0.003497550292","0.001024172853","fbd1349190b47dab20560d27c5921b9c6c2c3385","c7b5bd43f14e3088e77009e23e3313482138ce27","Formal measured trial; current AWS list-price estimate; Free Tier, credits and discounts excluded; exact invoice-level per-trial cost not directly attributable."
"SVL-W06-T01","1","2026-08-16T17:41:04.215Z","2026-08-16T17:46:05.133Z","SVL","W06","Sustained","ap-south-1","20","4","300","25000","6756","6719","37","0.547661","520.10439","290","1500","4600","117.6586","8528.3303","22.655024","NOT_APPLICABLE","NOT_APPLICABLE","NOT_APPLICABLE","NOT_APPLICABLE","NOT_APPLICABLE","6584","25.616013","0","37","10","6621","0","37","32.703519","31.712279","NOT_DIRECTLY_ATTRIBUTABLE","0.011079786115","0.001649023086","fbd1349190b47dab20560d27c5921b9c6c2c3385","c7b5bd43f14e3088e77009e23e3313482138ce27","Formal measured trial; current AWS list-price estimate; Free Tier, credits and discounts excluded; exact invoice-level per-trial cost not directly attributable."
"SVL-W06-T02","2","2026-08-16T17:46:12.341Z","2026-08-16T17:53:50.660Z","SVL","W06","Sustained","ap-south-1","20","4","300","25000","5907","5759","148","2.505502","806.898092","160","2100","5200","108.5066","194908.7701","12.970044","NOT_APPLICABLE","NOT_APPLICABLE","NOT_APPLICABLE","NOT_APPLICABLE","NOT_APPLICABLE","5926","25.476659","0","136","10","6062","0","136","32.195645","31.029858","NOT_DIRECTLY_ATTRIBUTABLE","0.010066549720","0.001747968349","fbd1349190b47dab20560d27c5921b9c6c2c3385","c7b5bd43f14e3088e77009e23e3313482138ce27","Formal measured trial; current AWS list-price estimate; Free Tier, credits and discounts excluded; exact invoice-level per-trial cost not directly attributable."
"SVL-W06-T03","3","2026-08-16T17:53:59.296Z","2026-08-16T17:59:00.592Z","SVL","W06","Sustained","ap-south-1","20","4","300","25000","8927","8837","90","1.008177","307.474178","150","1100","2900","114.1433","5711.0271","29.885952","NOT_APPLICABLE","NOT_APPLICABLE","NOT_APPLICABLE","NOT_APPLICABLE","NOT_APPLICABLE","8796","25.626728","0","90","10","8886","0","90","32.174319","31.233851","NOT_DIRECTLY_ATTRIBUTABLE","0.014846385839","0.001680025556","fbd1349190b47dab20560d27c5921b9c6c2c3385","c7b5bd43f14e3088e77009e23e3313482138ce27","Formal measured trial; current AWS list-price estimate; Free Tier, credits and discounts excluded; exact invoice-level per-trial cost not directly attributable."
