"Workload","Architecture","Requests","Failures","FailurePct","Avg_ms","Median_ms","P95_ms","P99_ms","RPS"
"P-W01","EC2","315","0","0","544.43","360","1400","1800","5.42"
"P-W01","Serverless","452","0","0","267.27","160","760","1400","7.75"
"P-W02","EC2","1623","0","0","165.12","140","320","460","27.77"
"P-W02","Serverless","1577","0","0","182.85","140","410","1100","27"
"P-W03","EC2","1911","0","0","525.26","410","1200","1700","32.84"
"P-W03","Serverless","3412","0","0","144.18","120","450","480","57.5"
"P-W04R1","EC2","3128","0","0","215.02","210","320","470","52.57"
"P-W04R1","Serverless","3216","19","0.591","197.35","130","510","820","54.05"
"P-W05","EC2","3102","0","0","211.03","210","280","420","53.28"
"P-W05","Serverless","3566","21","0.589","145.92","120","330","510","60"
"P-W06","EC2","11413","0","0","166.08","140","340","610","38.11"
"P-W06","Serverless","12293","10","0.081","128.13","120","190","420","41.1"
