Workload,Architecture,n,Latency mean ± SD (ms),Latency min-max (ms),P95 mean ± SD (ms),Throughput mean ± SD (req/s),Throughput min-max (req/s),Failure rate mean ± SD (%),Cost/1K mean ± SD (USD)
W01,EC2,3,123.19 ± 2.99,119.79–125.37,196.67 ± 25.17,10.10 ± 0.06,10.06–10.17,0.000 ± 0.000,0.00080447 ± 0.00000393
W01,Serverless,3,126.04 ± 3.18,123.73–129.67,163.33 ± 25.17,10.05 ± 0.05,10.01–10.11,0.000 ± 0.000,0.00148451 ± 0.00003518
W02,EC2,3,200.09 ± 109.50,134.25–326.49,730.00 ± 840.77,26.70 ± 4.65,21.33–29.51,0.000 ± 0.000,0.00031057 ± 0.00005993
W02,Serverless,3,174.43 ± 53.99,138.62–236.53,426.67 ± 297.71,27.59 ± 2.70,24.50–29.54,0.115 ± 0.199,0.00129150 ± 0.00053157
W03,EC2,3,341.52 ± 220.69,208.22–596.26,720.00 ± 675.80,43.72 ± 11.76,30.15–51.03,0.000 ± 0.000,0.00019401 ± 0.00006020
W03,Serverless,3,325.82 ± 181.16,135.96–496.80,570.00 ± 547.45,40.00 ± 18.55,20.98–58.04,4.086 ± 4.286,0.00178594 ± 0.00123867
W04,EC2,3,225.00 ± 10.43,214.38–235.24,400.00 ± 55.68,51.78 ± 0.97,50.88–52.81,0.000 ± 0.000,0.00015402 ± 0.00000282
W04,Serverless,3,152.77 ± 20.63,134.47–175.13,300.00 ± 147.31,59.26 ± 2.58,56.57–61.70,0.434 ± 0.118,0.00146294 ± 0.00007451
W05,EC2,3,290.49 ± 142.04,205.96–454.48,396.67 ± 210.79,44.04 ± 15.98,25.58–53.58,0.000 ± 0.000,0.00122208 ± 0.00056053
W05,Serverless,3,168.64 ± 22.10,155.74–194.15,340.00 ± 121.24,57.39 ± 2.33,54.70–58.82,0.916 ± 0.782,0.00129720 ± 0.00034680
W06,EC2,3,572.17 ± 449.46,236.72–1082.85,996.67 ± 782.33,20.64 ± 13.59,6.24–33.24,0.110 ± 0.096,0.00046144 ± 0.00029170
W06,Serverless,3,544.83 ± 250.63,307.47–806.90,1566.67 ± 503.32,21.84 ± 8.49,12.97–29.89,1.354 ± 1.024,0.00169234 ± 0.00005061
