artifact_type,path,sha256
SOURCE_DATA,data\final\experiments.csv,68ccabe59041ff5f0dae7e8b2bc8c1a764019d9e65d1ce5a22f0ba84624a4777
SOURCE_DATA,data\processed\formal\formal-summary-by-workload-architecture.csv,155551295b0623e300a80754da966f2c5c1e1f84f8d5aba37d61f480f5da3ef1
SOURCE_DATA,data\processed\formal\formal-architecture-comparison.csv,bcb39f50ed4d3950eae3a4d699ad5ae87f8732f2293b06123fd339ec6a5e7075
SOURCE_DATA,load-testing\scenarios\formal-workloads.csv,17c4d0883bfc85dbfff6d71dddbfc76466ddf49a03f96f676a4eba55ebd691e4
SOURCE_DATA,data\processed\formal\aws-pricing-snapshot.csv,1fc2de1544b300780ac5848d0ef54f3fca26d8a25c32645df619e872a773937f
GENERATED_TABLE,data\processed\formal\tables\table_01_experimental_environment.csv,2f7eb7f94c29d8aecc88c19462581fd400706c3c0e3f7a1d7031c0b06d9368a7
GENERATED_TABLE,data\processed\formal\tables\table_02_frozen_workloads.csv,067b07a8447dc38ee22baf4a1b932f1fbe4a70183b3c0e74352402f99d464180
GENERATED_TABLE,data\processed\formal\tables\table_03_performance_comparison.csv,cf043999394f254d110d4b8bddfebb725a86bfb5558b1700bc89595345d01ab2
GENERATED_TABLE,data\processed\formal\tables\table_04_reliability_comparison.csv,181e62deb91baabc62d8fe9cd903d62bb7ce26ddb89749bbc1e292188c1d6833
GENERATED_TABLE,data\processed\formal\tables\table_05_cost_comparison.csv,77eaf0b923b7e4fa2d7a85b55f2672e4f1ccbc06458219225e09cb279dade81f
GENERATED_TABLE,data\processed\formal\tables\table_06_three_trial_variability.csv,0b42bb12f797eb71b7685c71eaf46ca3606181095039bc50c1e3eedf31a11a3e
GENERATED_TABLE,docs\tables\table_01_experimental_environment.md,5b00e5708f63a09507b15d1df6665ea0a47e9534f86a4c568b5b64899908d06a
GENERATED_TABLE,docs\tables\table_02_frozen_workloads.md,6be56a6f3990058382dfce20a4715aa9ac09612a9c84b47a189fdd295d06b45e
GENERATED_TABLE,docs\tables\table_03_performance_comparison.md,2377d3eef64f14bcd4feafba2c41f2f55701b8e6625ee5fdf97a648814cc0504
GENERATED_TABLE,docs\tables\table_04_reliability_comparison.md,7871380a4054da5872218415a0153cd7f34f57f80d1726ac7402f900d448a8f2
GENERATED_TABLE,docs\tables\table_05_cost_comparison.md,14fd2d3bddc212fabf9c5c1b6afcc397d7db3e64b73fc19c14949343203b0dd2
GENERATED_TABLE,docs\tables\table_06_three_trial_variability.md,4a5aedb6e8311f6cc94b2dd2a98f2c2aca29717fa6dc0fd5b934483223d226fa
GENERATED_TABLE,docs\tables\final_result_tables.md,9a154e8b1b105c5c245cb1c0709f4d27435e04736a8db96ab1b4b86e3b42cc9b
GENERATED_TABLE,data\processed\formal\tables\task28-table-audit.csv,014c0eb7da12b9f4c1d41e675a1aa2cb0143da798f5b32eabdb1835d76485a3a
