"experiment_id","architecture","service","namespace","metric_name","statistic","run_start_utc","run_end_utc","period_seconds","dimension_name","dimension_value","datapoint_count","query_status","raw_json_file"
"EC2-W01-T01","EC2","EC2","AWS/EC2","CPUUtilization","Average","2026-08-16T15:42:50.531Z","2026-08-16T15:43:52.050Z","60","InstanceId","i-0e890c100615e35dd","1","OK","E:\GKS Research\aws-ec2-vs-serverless-research\data\raw\formal\cloudwatch\ec2\EC2-W01-T01_CPUUtilization_Average.json"
"EC2-W01-T01","EC2","EC2","AWS/EC2","CPUUtilization","Maximum","2026-08-16T15:42:50.531Z","2026-08-16T15:43:52.050Z","60","InstanceId","i-0e890c100615e35dd","1","OK","E:\GKS Research\aws-ec2-vs-serverless-research\data\raw\formal\cloudwatch\ec2\EC2-W01-T01_CPUUtilization_Maximum.json"
"EC2-W01-T01","EC2","EC2","AWS/EC2","NetworkIn","Sum","2026-08-16T15:42:50.531Z","2026-08-16T15:43:52.050Z","60","InstanceId","i-0e890c100615e35dd","1","OK","E:\GKS Research\aws-ec2-vs-serverless-research\data\raw\formal\cloudwatch\ec2\EC2-W01-T01_NetworkIn_Sum.json"
"EC2-W01-T01","EC2","EC2","AWS/EC2","NetworkOut","Sum","2026-08-16T15:42:50.531Z","2026-08-16T15:43:52.050Z","60","InstanceId","i-0e890c100615e35dd","1","OK","E:\GKS Research\aws-ec2-vs-serverless-research\data\raw\formal\cloudwatch\ec2\EC2-W01-T01_NetworkOut_Sum.json"
"EC2-W01-T01","EC2","EC2","AWS/EC2","StatusCheckFailed","Maximum","2026-08-16T15:42:50.531Z","2026-08-16T15:43:52.050Z","60","InstanceId","i-0e890c100615e35dd","1","OK","E:\GKS Research\aws-ec2-vs-serverless-research\data\raw\formal\cloudwatch\ec2\EC2-W01-T01_StatusCheckFailed_Maximum.json"
"EC2-W01-T02","EC2","EC2","AWS/EC2","CPUUtilization","Average","2026-08-16T15:43:55.103Z","2026-08-16T15:44:55.983Z","60","InstanceId","i-0e890c100615e35dd","1","OK","E:\GKS Research\aws-ec2-vs-serverless-research\data\raw\formal\cloudwatch\ec2\EC2-W01-T02_CPUUtilization_Average.json"
"EC2-W01-T02","EC2","EC2","AWS/EC2","CPUUtilization","Maximum","2026-08-16T15:43:55.103Z","2026-08-16T15:44:55.983Z","60","InstanceId","i-0e890c100615e35dd","1","OK","E:\GKS Research\aws-ec2-vs-serverless-research\data\raw\formal\cloudwatch\ec2\EC2-W01-T02_CPUUtilization_Maximum.json"
"EC2-W01-T02","EC2","EC2","AWS/EC2","NetworkIn","Sum","2026-08-16T15:43:55.103Z","2026-08-16T15:44:55.983Z","60","InstanceId","i-0e890c100615e35dd","1","OK","E:\GKS Research\aws-ec2-vs-serverless-research\data\raw\formal\cloudwatch\ec2\EC2-W01-T02_NetworkIn_Sum.json"
"EC2-W01-T02","EC2","EC2","AWS/EC2","NetworkOut","Sum","2026-08-16T15:43:55.103Z","2026-08-16T15:44:55.983Z","60","InstanceId","i-0e890c100615e35dd","1","OK","E:\GKS Research\aws-ec2-vs-serverless-research\data\raw\formal\cloudwatch\ec2\EC2-W01-T02_NetworkOut_Sum.json"
"EC2-W01-T02","EC2","EC2","AWS/EC2","StatusCheckFailed","Maximum","2026-08-16T15:43:55.103Z","2026-08-16T15:44:55.983Z","60","InstanceId","i-0e890c100615e35dd","1","OK","E:\GKS Research\aws-ec2-vs-serverless-research\data\raw\formal\cloudwatch\ec2\EC2-W01-T02_StatusCheckFailed_Maximum.json"
"EC2-W01-T03","EC2","EC2","AWS/EC2","CPUUtilization","Average","2026-08-16T15:44:58.821Z","2026-08-16T15:45:59.639Z","60","InstanceId","i-0e890c100615e35dd","1","OK","E:\GKS Research\aws-ec2-vs-serverless-research\data\raw\formal\cloudwatch\ec2\EC2-W01-T03_CPUUtilization_Average.json"
"EC2-W01-T03","EC2","EC2","AWS/EC2","CPUUtilization","Maximum","2026-08-16T15:44:58.821Z","2026-08-16T15:45:59.639Z","60","InstanceId","i-0e890c100615e35dd","1","OK","E:\GKS Research\aws-ec2-vs-serverless-research\data\raw\formal\cloudwatch\ec2\EC2-W01-T03_CPUUtilization_Maximum.json"
"EC2-W01-T03","EC2","EC2","AWS/EC2","NetworkIn","Sum","2026-08-16T15:44:58.821Z","2026-08-16T15:45:59.639Z","60","InstanceId","i-0e890c100615e35dd","1","OK","E:\GKS Research\aws-ec2-vs-serverless-research\data\raw\formal\cloudwatch\ec2\EC2-W01-T03_NetworkIn_Sum.json"
"EC2-W01-T03","EC2","EC2","AWS/EC2","NetworkOut","Sum","2026-08-16T15:44:58.821Z","2026-08-16T15:45:59.639Z","60","InstanceId","i-0e890c100615e35dd","1","OK","E:\GKS Research\aws-ec2-vs-serverless-research\data\raw\formal\cloudwatch\ec2\EC2-W01-T03_NetworkOut_Sum.json"
"EC2-W01-T03","EC2","EC2","AWS/EC2","StatusCheckFailed","Maximum","2026-08-16T15:44:58.821Z","2026-08-16T15:45:59.639Z","60","InstanceId","i-0e890c100615e35dd","1","OK","E:\GKS Research\aws-ec2-vs-serverless-research\data\raw\formal\cloudwatch\ec2\EC2-W01-T03_StatusCheckFailed_Maximum.json"
"EC2-W02-T01","EC2","EC2","AWS/EC2","CPUUtilization","Average","2026-08-16T16:06:16.757Z","2026-08-16T16:07:17.805Z","60","InstanceId","i-0e890c100615e35dd","1","OK","E:\GKS Research\aws-ec2-vs-serverless-research\data\raw\formal\cloudwatch\ec2\EC2-W02-T01_CPUUtilization_Average.json"
"EC2-W02-T01","EC2","EC2","AWS/EC2","CPUUtilization","Maximum","2026-08-16T16:06:16.757Z","2026-08-16T16:07:17.805Z","60","InstanceId","i-0e890c100615e35dd","1","OK","E:\GKS Research\aws-ec2-vs-serverless-research\data\raw\formal\cloudwatch\ec2\EC2-W02-T01_CPUUtilization_Maximum.json"
"EC2-W02-T01","EC2","EC2","AWS/EC2","NetworkIn","Sum","2026-08-16T16:06:16.757Z","2026-08-16T16:07:17.805Z","60","InstanceId","i-0e890c100615e35dd","1","OK","E:\GKS Research\aws-ec2-vs-serverless-research\data\raw\formal\cloudwatch\ec2\EC2-W02-T01_NetworkIn_Sum.json"
"EC2-W02-T01","EC2","EC2","AWS/EC2","NetworkOut","Sum","2026-08-16T16:06:16.757Z","2026-08-16T16:07:17.805Z","60","InstanceId","i-0e890c100615e35dd","1","OK","E:\GKS Research\aws-ec2-vs-serverless-research\data\raw\formal\cloudwatch\ec2\EC2-W02-T01_NetworkOut_Sum.json"
"EC2-W02-T01","EC2","EC2","AWS/EC2","StatusCheckFailed","Maximum","2026-08-16T16:06:16.757Z","2026-08-16T16:07:17.805Z","60","InstanceId","i-0e890c100615e35dd","1","OK","E:\GKS Research\aws-ec2-vs-serverless-research\data\raw\formal\cloudwatch\ec2\EC2-W02-T01_StatusCheckFailed_Maximum.json"
"EC2-W02-T02","EC2","EC2","AWS/EC2","CPUUtilization","Average","2026-08-16T16:07:21.097Z","2026-08-16T16:08:22.022Z","60","InstanceId","i-0e890c100615e35dd","1","OK","E:\GKS Research\aws-ec2-vs-serverless-research\data\raw\formal\cloudwatch\ec2\EC2-W02-T02_CPUUtilization_Average.json"
"EC2-W02-T02","EC2","EC2","AWS/EC2","CPUUtilization","Maximum","2026-08-16T16:07:21.097Z","2026-08-16T16:08:22.022Z","60","InstanceId","i-0e890c100615e35dd","1","OK","E:\GKS Research\aws-ec2-vs-serverless-research\data\raw\formal\cloudwatch\ec2\EC2-W02-T02_CPUUtilization_Maximum.json"
"EC2-W02-T02","EC2","EC2","AWS/EC2","NetworkIn","Sum","2026-08-16T16:07:21.097Z","2026-08-16T16:08:22.022Z","60","InstanceId","i-0e890c100615e35dd","1","OK","E:\GKS Research\aws-ec2-vs-serverless-research\data\raw\formal\cloudwatch\ec2\EC2-W02-T02_NetworkIn_Sum.json"
"EC2-W02-T02","EC2","EC2","AWS/EC2","NetworkOut","Sum","2026-08-16T16:07:21.097Z","2026-08-16T16:08:22.022Z","60","InstanceId","i-0e890c100615e35dd","1","OK","E:\GKS Research\aws-ec2-vs-serverless-research\data\raw\formal\cloudwatch\ec2\EC2-W02-T02_NetworkOut_Sum.json"
"EC2-W02-T02","EC2","EC2","AWS/EC2","StatusCheckFailed","Maximum","2026-08-16T16:07:21.097Z","2026-08-16T16:08:22.022Z","60","InstanceId","i-0e890c100615e35dd","1","OK","E:\GKS Research\aws-ec2-vs-serverless-research\data\raw\formal\cloudwatch\ec2\EC2-W02-T02_StatusCheckFailed_Maximum.json"
"EC2-W02-T03","EC2","EC2","AWS/EC2","CPUUtilization","Average","2026-08-16T16:08:25.742Z","2026-08-16T16:09:26.903Z","60","InstanceId","i-0e890c100615e35dd","1","OK","E:\GKS Research\aws-ec2-vs-serverless-research\data\raw\formal\cloudwatch\ec2\EC2-W02-T03_CPUUtilization_Average.json"
"EC2-W02-T03","EC2","EC2","AWS/EC2","CPUUtilization","Maximum","2026-08-16T16:08:25.742Z","2026-08-16T16:09:26.903Z","60","InstanceId","i-0e890c100615e35dd","1","OK","E:\GKS Research\aws-ec2-vs-serverless-research\data\raw\formal\cloudwatch\ec2\EC2-W02-T03_CPUUtilization_Maximum.json"
"EC2-W02-T03","EC2","EC2","AWS/EC2","NetworkIn","Sum","2026-08-16T16:08:25.742Z","2026-08-16T16:09:26.903Z","60","InstanceId","i-0e890c100615e35dd","1","OK","E:\GKS Research\aws-ec2-vs-serverless-research\data\raw\formal\cloudwatch\ec2\EC2-W02-T03_NetworkIn_Sum.json"
"EC2-W02-T03","EC2","EC2","AWS/EC2","NetworkOut","Sum","2026-08-16T16:08:25.742Z","2026-08-16T16:09:26.903Z","60","InstanceId","i-0e890c100615e35dd","1","OK","E:\GKS Research\aws-ec2-vs-serverless-research\data\raw\formal\cloudwatch\ec2\EC2-W02-T03_NetworkOut_Sum.json"
"EC2-W02-T03","EC2","EC2","AWS/EC2","StatusCheckFailed","Maximum","2026-08-16T16:08:25.742Z","2026-08-16T16:09:26.903Z","60","InstanceId","i-0e890c100615e35dd","1","OK","E:\GKS Research\aws-ec2-vs-serverless-research\data\raw\formal\cloudwatch\ec2\EC2-W02-T03_StatusCheckFailed_Maximum.json"
"EC2-W03-T01","EC2","EC2","AWS/EC2","CPUUtilization","Average","2026-08-16T16:14:15.885Z","2026-08-16T16:15:17.222Z","60","InstanceId","i-0e890c100615e35dd","1","OK","E:\GKS Research\aws-ec2-vs-serverless-research\data\raw\formal\cloudwatch\ec2\EC2-W03-T01_CPUUtilization_Average.json"
"EC2-W03-T01","EC2","EC2","AWS/EC2","CPUUtilization","Maximum","2026-08-16T16:14:15.885Z","2026-08-16T16:15:17.222Z","60","InstanceId","i-0e890c100615e35dd","1","OK","E:\GKS Research\aws-ec2-vs-serverless-research\data\raw\formal\cloudwatch\ec2\EC2-W03-T01_CPUUtilization_Maximum.json"
"EC2-W03-T01","EC2","EC2","AWS/EC2","NetworkIn","Sum","2026-08-16T16:14:15.885Z","2026-08-16T16:15:17.222Z","60","InstanceId","i-0e890c100615e35dd","1","OK","E:\GKS Research\aws-ec2-vs-serverless-research\data\raw\formal\cloudwatch\ec2\EC2-W03-T01_NetworkIn_Sum.json"
"EC2-W03-T01","EC2","EC2","AWS/EC2","NetworkOut","Sum","2026-08-16T16:14:15.885Z","2026-08-16T16:15:17.222Z","60","InstanceId","i-0e890c100615e35dd","1","OK","E:\GKS Research\aws-ec2-vs-serverless-research\data\raw\formal\cloudwatch\ec2\EC2-W03-T01_NetworkOut_Sum.json"
"EC2-W03-T01","EC2","EC2","AWS/EC2","StatusCheckFailed","Maximum","2026-08-16T16:14:15.885Z","2026-08-16T16:15:17.222Z","60","InstanceId","i-0e890c100615e35dd","1","OK","E:\GKS Research\aws-ec2-vs-serverless-research\data\raw\formal\cloudwatch\ec2\EC2-W03-T01_StatusCheckFailed_Maximum.json"
"EC2-W03-T02","EC2","EC2","AWS/EC2","CPUUtilization","Average","2026-08-16T16:15:19.371Z","2026-08-16T16:16:20.044Z","60","InstanceId","i-0e890c100615e35dd","1","OK","E:\GKS Research\aws-ec2-vs-serverless-research\data\raw\formal\cloudwatch\ec2\EC2-W03-T02_CPUUtilization_Average.json"
"EC2-W03-T02","EC2","EC2","AWS/EC2","CPUUtilization","Maximum","2026-08-16T16:15:19.371Z","2026-08-16T16:16:20.044Z","60","InstanceId","i-0e890c100615e35dd","1","OK","E:\GKS Research\aws-ec2-vs-serverless-research\data\raw\formal\cloudwatch\ec2\EC2-W03-T02_CPUUtilization_Maximum.json"
"EC2-W03-T02","EC2","EC2","AWS/EC2","NetworkIn","Sum","2026-08-16T16:15:19.371Z","2026-08-16T16:16:20.044Z","60","InstanceId","i-0e890c100615e35dd","1","OK","E:\GKS Research\aws-ec2-vs-serverless-research\data\raw\formal\cloudwatch\ec2\EC2-W03-T02_NetworkIn_Sum.json"
"EC2-W03-T02","EC2","EC2","AWS/EC2","NetworkOut","Sum","2026-08-16T16:15:19.371Z","2026-08-16T16:16:20.044Z","60","InstanceId","i-0e890c100615e35dd","1","OK","E:\GKS Research\aws-ec2-vs-serverless-research\data\raw\formal\cloudwatch\ec2\EC2-W03-T02_NetworkOut_Sum.json"
"EC2-W03-T02","EC2","EC2","AWS/EC2","StatusCheckFailed","Maximum","2026-08-16T16:15:19.371Z","2026-08-16T16:16:20.044Z","60","InstanceId","i-0e890c100615e35dd","1","OK","E:\GKS Research\aws-ec2-vs-serverless-research\data\raw\formal\cloudwatch\ec2\EC2-W03-T02_StatusCheckFailed_Maximum.json"
"EC2-W03-T03","EC2","EC2","AWS/EC2","CPUUtilization","Average","2026-08-16T16:16:22.116Z","2026-08-16T16:17:22.719Z","60","InstanceId","i-0e890c100615e35dd","1","OK","E:\GKS Research\aws-ec2-vs-serverless-research\data\raw\formal\cloudwatch\ec2\EC2-W03-T03_CPUUtilization_Average.json"
"EC2-W03-T03","EC2","EC2","AWS/EC2","CPUUtilization","Maximum","2026-08-16T16:16:22.116Z","2026-08-16T16:17:22.719Z","60","InstanceId","i-0e890c100615e35dd","1","OK","E:\GKS Research\aws-ec2-vs-serverless-research\data\raw\formal\cloudwatch\ec2\EC2-W03-T03_CPUUtilization_Maximum.json"
"EC2-W03-T03","EC2","EC2","AWS/EC2","NetworkIn","Sum","2026-08-16T16:16:22.116Z","2026-08-16T16:17:22.719Z","60","InstanceId","i-0e890c100615e35dd","1","OK","E:\GKS Research\aws-ec2-vs-serverless-research\data\raw\formal\cloudwatch\ec2\EC2-W03-T03_NetworkIn_Sum.json"
"EC2-W03-T03","EC2","EC2","AWS/EC2","NetworkOut","Sum","2026-08-16T16:16:22.116Z","2026-08-16T16:17:22.719Z","60","InstanceId","i-0e890c100615e35dd","1","OK","E:\GKS Research\aws-ec2-vs-serverless-research\data\raw\formal\cloudwatch\ec2\EC2-W03-T03_NetworkOut_Sum.json"
"EC2-W03-T03","EC2","EC2","AWS/EC2","StatusCheckFailed","Maximum","2026-08-16T16:16:22.116Z","2026-08-16T16:17:22.719Z","60","InstanceId","i-0e890c100615e35dd","1","OK","E:\GKS Research\aws-ec2-vs-serverless-research\data\raw\formal\cloudwatch\ec2\EC2-W03-T03_StatusCheckFailed_Maximum.json"
"EC2-W04-T01","EC2","EC2","AWS/EC2","CPUUtilization","Average","2026-08-16T16:28:55.178Z","2026-08-16T16:29:56.094Z","60","InstanceId","i-0e890c100615e35dd","1","OK","E:\GKS Research\aws-ec2-vs-serverless-research\data\raw\formal\cloudwatch\ec2\EC2-W04-T01_CPUUtilization_Average.json"
"EC2-W04-T01","EC2","EC2","AWS/EC2","CPUUtilization","Maximum","2026-08-16T16:28:55.178Z","2026-08-16T16:29:56.094Z","60","InstanceId","i-0e890c100615e35dd","1","OK","E:\GKS Research\aws-ec2-vs-serverless-research\data\raw\formal\cloudwatch\ec2\EC2-W04-T01_CPUUtilization_Maximum.json"
"EC2-W04-T01","EC2","EC2","AWS/EC2","NetworkIn","Sum","2026-08-16T16:28:55.178Z","2026-08-16T16:29:56.094Z","60","InstanceId","i-0e890c100615e35dd","1","OK","E:\GKS Research\aws-ec2-vs-serverless-research\data\raw\formal\cloudwatch\ec2\EC2-W04-T01_NetworkIn_Sum.json"
"EC2-W04-T01","EC2","EC2","AWS/EC2","NetworkOut","Sum","2026-08-16T16:28:55.178Z","2026-08-16T16:29:56.094Z","60","InstanceId","i-0e890c100615e35dd","1","OK","E:\GKS Research\aws-ec2-vs-serverless-research\data\raw\formal\cloudwatch\ec2\EC2-W04-T01_NetworkOut_Sum.json"
"EC2-W04-T01","EC2","EC2","AWS/EC2","StatusCheckFailed","Maximum","2026-08-16T16:28:55.178Z","2026-08-16T16:29:56.094Z","60","InstanceId","i-0e890c100615e35dd","1","OK","E:\GKS Research\aws-ec2-vs-serverless-research\data\raw\formal\cloudwatch\ec2\EC2-W04-T01_StatusCheckFailed_Maximum.json"
"EC2-W04-T02","EC2","EC2","AWS/EC2","CPUUtilization","Average","2026-08-16T16:29:58.623Z","2026-08-16T16:30:59.358Z","60","InstanceId","i-0e890c100615e35dd","1","OK","E:\GKS Research\aws-ec2-vs-serverless-research\data\raw\formal\cloudwatch\ec2\EC2-W04-T02_CPUUtilization_Average.json"
"EC2-W04-T02","EC2","EC2","AWS/EC2","CPUUtilization","Maximum","2026-08-16T16:29:58.623Z","2026-08-16T16:30:59.358Z","60","InstanceId","i-0e890c100615e35dd","1","OK","E:\GKS Research\aws-ec2-vs-serverless-research\data\raw\formal\cloudwatch\ec2\EC2-W04-T02_CPUUtilization_Maximum.json"
"EC2-W04-T02","EC2","EC2","AWS/EC2","NetworkIn","Sum","2026-08-16T16:29:58.623Z","2026-08-16T16:30:59.358Z","60","InstanceId","i-0e890c100615e35dd","1","OK","E:\GKS Research\aws-ec2-vs-serverless-research\data\raw\formal\cloudwatch\ec2\EC2-W04-T02_NetworkIn_Sum.json"
"EC2-W04-T02","EC2","EC2","AWS/EC2","NetworkOut","Sum","2026-08-16T16:29:58.623Z","2026-08-16T16:30:59.358Z","60","InstanceId","i-0e890c100615e35dd","1","OK","E:\GKS Research\aws-ec2-vs-serverless-research\data\raw\formal\cloudwatch\ec2\EC2-W04-T02_NetworkOut_Sum.json"
"EC2-W04-T02","EC2","EC2","AWS/EC2","StatusCheckFailed","Maximum","2026-08-16T16:29:58.623Z","2026-08-16T16:30:59.358Z","60","InstanceId","i-0e890c100615e35dd","1","OK","E:\GKS Research\aws-ec2-vs-serverless-research\data\raw\formal\cloudwatch\ec2\EC2-W04-T02_StatusCheckFailed_Maximum.json"
"EC2-W04-T03","EC2","EC2","AWS/EC2","CPUUtilization","Average","2026-08-16T16:31:01.932Z","2026-08-16T16:32:02.750Z","60","InstanceId","i-0e890c100615e35dd","1","OK","E:\GKS Research\aws-ec2-vs-serverless-research\data\raw\formal\cloudwatch\ec2\EC2-W04-T03_CPUUtilization_Average.json"
"EC2-W04-T03","EC2","EC2","AWS/EC2","CPUUtilization","Maximum","2026-08-16T16:31:01.932Z","2026-08-16T16:32:02.750Z","60","InstanceId","i-0e890c100615e35dd","1","OK","E:\GKS Research\aws-ec2-vs-serverless-research\data\raw\formal\cloudwatch\ec2\EC2-W04-T03_CPUUtilization_Maximum.json"
"EC2-W04-T03","EC2","EC2","AWS/EC2","NetworkIn","Sum","2026-08-16T16:31:01.932Z","2026-08-16T16:32:02.750Z","60","InstanceId","i-0e890c100615e35dd","1","OK","E:\GKS Research\aws-ec2-vs-serverless-research\data\raw\formal\cloudwatch\ec2\EC2-W04-T03_NetworkIn_Sum.json"
"EC2-W04-T03","EC2","EC2","AWS/EC2","NetworkOut","Sum","2026-08-16T16:31:01.932Z","2026-08-16T16:32:02.750Z","60","InstanceId","i-0e890c100615e35dd","1","OK","E:\GKS Research\aws-ec2-vs-serverless-research\data\raw\formal\cloudwatch\ec2\EC2-W04-T03_NetworkOut_Sum.json"
"EC2-W04-T03","EC2","EC2","AWS/EC2","StatusCheckFailed","Maximum","2026-08-16T16:31:01.932Z","2026-08-16T16:32:02.750Z","60","InstanceId","i-0e890c100615e35dd","1","OK","E:\GKS Research\aws-ec2-vs-serverless-research\data\raw\formal\cloudwatch\ec2\EC2-W04-T03_StatusCheckFailed_Maximum.json"
"EC2-W05-T01","EC2","EC2","AWS/EC2","CPUUtilization","Average","2026-08-16T16:43:45.668Z","2026-08-16T16:44:46.463Z","60","InstanceId","i-0e890c100615e35dd","1","OK","E:\GKS Research\aws-ec2-vs-serverless-research\data\raw\formal\cloudwatch\ec2\EC2-W05-T01_CPUUtilization_Average.json"
"EC2-W05-T01","EC2","EC2","AWS/EC2","CPUUtilization","Maximum","2026-08-16T16:43:45.668Z","2026-08-16T16:44:46.463Z","60","InstanceId","i-0e890c100615e35dd","1","OK","E:\GKS Research\aws-ec2-vs-serverless-research\data\raw\formal\cloudwatch\ec2\EC2-W05-T01_CPUUtilization_Maximum.json"
"EC2-W05-T01","EC2","EC2","AWS/EC2","NetworkIn","Sum","2026-08-16T16:43:45.668Z","2026-08-16T16:44:46.463Z","60","InstanceId","i-0e890c100615e35dd","1","OK","E:\GKS Research\aws-ec2-vs-serverless-research\data\raw\formal\cloudwatch\ec2\EC2-W05-T01_NetworkIn_Sum.json"
"EC2-W05-T01","EC2","EC2","AWS/EC2","NetworkOut","Sum","2026-08-16T16:43:45.668Z","2026-08-16T16:44:46.463Z","60","InstanceId","i-0e890c100615e35dd","1","OK","E:\GKS Research\aws-ec2-vs-serverless-research\data\raw\formal\cloudwatch\ec2\EC2-W05-T01_NetworkOut_Sum.json"
"EC2-W05-T01","EC2","EC2","AWS/EC2","StatusCheckFailed","Maximum","2026-08-16T16:43:45.668Z","2026-08-16T16:44:46.463Z","60","InstanceId","i-0e890c100615e35dd","1","OK","E:\GKS Research\aws-ec2-vs-serverless-research\data\raw\formal\cloudwatch\ec2\EC2-W05-T01_StatusCheckFailed_Maximum.json"
"EC2-W05-T02","EC2","EC2","AWS/EC2","CPUUtilization","Average","2026-08-16T16:49:49.313Z","2026-08-16T16:50:50.297Z","60","InstanceId","i-0e890c100615e35dd","1","OK","E:\GKS Research\aws-ec2-vs-serverless-research\data\raw\formal\cloudwatch\ec2\EC2-W05-T02_CPUUtilization_Average.json"
"EC2-W05-T02","EC2","EC2","AWS/EC2","CPUUtilization","Maximum","2026-08-16T16:49:49.313Z","2026-08-16T16:50:50.297Z","60","InstanceId","i-0e890c100615e35dd","1","OK","E:\GKS Research\aws-ec2-vs-serverless-research\data\raw\formal\cloudwatch\ec2\EC2-W05-T02_CPUUtilization_Maximum.json"
"EC2-W05-T02","EC2","EC2","AWS/EC2","NetworkIn","Sum","2026-08-16T16:49:49.313Z","2026-08-16T16:50:50.297Z","60","InstanceId","i-0e890c100615e35dd","1","OK","E:\GKS Research\aws-ec2-vs-serverless-research\data\raw\formal\cloudwatch\ec2\EC2-W05-T02_NetworkIn_Sum.json"
"EC2-W05-T02","EC2","EC2","AWS/EC2","NetworkOut","Sum","2026-08-16T16:49:49.313Z","2026-08-16T16:50:50.297Z","60","InstanceId","i-0e890c100615e35dd","1","OK","E:\GKS Research\aws-ec2-vs-serverless-research\data\raw\formal\cloudwatch\ec2\EC2-W05-T02_NetworkOut_Sum.json"
"EC2-W05-T02","EC2","EC2","AWS/EC2","StatusCheckFailed","Maximum","2026-08-16T16:49:49.313Z","2026-08-16T16:50:50.297Z","60","InstanceId","i-0e890c100615e35dd","1","OK","E:\GKS Research\aws-ec2-vs-serverless-research\data\raw\formal\cloudwatch\ec2\EC2-W05-T02_StatusCheckFailed_Maximum.json"
"EC2-W05-T03","EC2","EC2","AWS/EC2","CPUUtilization","Average","2026-08-16T16:55:53.194Z","2026-08-16T16:56:54.231Z","60","InstanceId","i-0e890c100615e35dd","1","OK","E:\GKS Research\aws-ec2-vs-serverless-research\data\raw\formal\cloudwatch\ec2\EC2-W05-T03_CPUUtilization_Average.json"
"EC2-W05-T03","EC2","EC2","AWS/EC2","CPUUtilization","Maximum","2026-08-16T16:55:53.194Z","2026-08-16T16:56:54.231Z","60","InstanceId","i-0e890c100615e35dd","1","OK","E:\GKS Research\aws-ec2-vs-serverless-research\data\raw\formal\cloudwatch\ec2\EC2-W05-T03_CPUUtilization_Maximum.json"
"EC2-W05-T03","EC2","EC2","AWS/EC2","NetworkIn","Sum","2026-08-16T16:55:53.194Z","2026-08-16T16:56:54.231Z","60","InstanceId","i-0e890c100615e35dd","1","OK","E:\GKS Research\aws-ec2-vs-serverless-research\data\raw\formal\cloudwatch\ec2\EC2-W05-T03_NetworkIn_Sum.json"
"EC2-W05-T03","EC2","EC2","AWS/EC2","NetworkOut","Sum","2026-08-16T16:55:53.194Z","2026-08-16T16:56:54.231Z","60","InstanceId","i-0e890c100615e35dd","1","OK","E:\GKS Research\aws-ec2-vs-serverless-research\data\raw\formal\cloudwatch\ec2\EC2-W05-T03_NetworkOut_Sum.json"
"EC2-W05-T03","EC2","EC2","AWS/EC2","StatusCheckFailed","Maximum","2026-08-16T16:55:53.194Z","2026-08-16T16:56:54.231Z","60","InstanceId","i-0e890c100615e35dd","1","OK","E:\GKS Research\aws-ec2-vs-serverless-research\data\raw\formal\cloudwatch\ec2\EC2-W05-T03_StatusCheckFailed_Maximum.json"
"EC2-W06-T01","EC2","EC2","AWS/EC2","CPUUtilization","Average","2026-08-16T17:22:42.772Z","2026-08-16T17:27:43.912Z","60","InstanceId","i-0e890c100615e35dd","5","OK","E:\GKS Research\aws-ec2-vs-serverless-research\data\raw\formal\cloudwatch\ec2\EC2-W06-T01_CPUUtilization_Average.json"
"EC2-W06-T01","EC2","EC2","AWS/EC2","CPUUtilization","Maximum","2026-08-16T17:22:42.772Z","2026-08-16T17:27:43.912Z","60","InstanceId","i-0e890c100615e35dd","5","OK","E:\GKS Research\aws-ec2-vs-serverless-research\data\raw\formal\cloudwatch\ec2\EC2-W06-T01_CPUUtilization_Maximum.json"
"EC2-W06-T01","EC2","EC2","AWS/EC2","NetworkIn","Sum","2026-08-16T17:22:42.772Z","2026-08-16T17:27:43.912Z","60","InstanceId","i-0e890c100615e35dd","5","OK","E:\GKS Research\aws-ec2-vs-serverless-research\data\raw\formal\cloudwatch\ec2\EC2-W06-T01_NetworkIn_Sum.json"
"EC2-W06-T01","EC2","EC2","AWS/EC2","NetworkOut","Sum","2026-08-16T17:22:42.772Z","2026-08-16T17:27:43.912Z","60","InstanceId","i-0e890c100615e35dd","5","OK","E:\GKS Research\aws-ec2-vs-serverless-research\data\raw\formal\cloudwatch\ec2\EC2-W06-T01_NetworkOut_Sum.json"
"EC2-W06-T01","EC2","EC2","AWS/EC2","StatusCheckFailed","Maximum","2026-08-16T17:22:42.772Z","2026-08-16T17:27:43.912Z","60","InstanceId","i-0e890c100615e35dd","5","OK","E:\GKS Research\aws-ec2-vs-serverless-research\data\raw\formal\cloudwatch\ec2\EC2-W06-T01_StatusCheckFailed_Maximum.json"
"EC2-W06-T02","EC2","EC2","AWS/EC2","CPUUtilization","Average","2026-08-16T17:27:47.371Z","2026-08-16T17:32:48.488Z","60","InstanceId","i-0e890c100615e35dd","5","OK","E:\GKS Research\aws-ec2-vs-serverless-research\data\raw\formal\cloudwatch\ec2\EC2-W06-T02_CPUUtilization_Average.json"
"EC2-W06-T02","EC2","EC2","AWS/EC2","CPUUtilization","Maximum","2026-08-16T17:27:47.371Z","2026-08-16T17:32:48.488Z","60","InstanceId","i-0e890c100615e35dd","5","OK","E:\GKS Research\aws-ec2-vs-serverless-research\data\raw\formal\cloudwatch\ec2\EC2-W06-T02_CPUUtilization_Maximum.json"
"EC2-W06-T02","EC2","EC2","AWS/EC2","NetworkIn","Sum","2026-08-16T17:27:47.371Z","2026-08-16T17:32:48.488Z","60","InstanceId","i-0e890c100615e35dd","5","OK","E:\GKS Research\aws-ec2-vs-serverless-research\data\raw\formal\cloudwatch\ec2\EC2-W06-T02_NetworkIn_Sum.json"
"EC2-W06-T02","EC2","EC2","AWS/EC2","NetworkOut","Sum","2026-08-16T17:27:47.371Z","2026-08-16T17:32:48.488Z","60","InstanceId","i-0e890c100615e35dd","5","OK","E:\GKS Research\aws-ec2-vs-serverless-research\data\raw\formal\cloudwatch\ec2\EC2-W06-T02_NetworkOut_Sum.json"
"EC2-W06-T02","EC2","EC2","AWS/EC2","StatusCheckFailed","Maximum","2026-08-16T17:27:47.371Z","2026-08-16T17:32:48.488Z","60","InstanceId","i-0e890c100615e35dd","5","OK","E:\GKS Research\aws-ec2-vs-serverless-research\data\raw\formal\cloudwatch\ec2\EC2-W06-T02_StatusCheckFailed_Maximum.json"
"EC2-W06-T03","EC2","EC2","AWS/EC2","CPUUtilization","Average","2026-08-16T17:32:51.715Z","2026-08-16T17:40:55.369Z","60","InstanceId","i-0e890c100615e35dd","8","OK","E:\GKS Research\aws-ec2-vs-serverless-research\data\raw\formal\cloudwatch\ec2\EC2-W06-T03_CPUUtilization_Average.json"
"EC2-W06-T03","EC2","EC2","AWS/EC2","CPUUtilization","Maximum","2026-08-16T17:32:51.715Z","2026-08-16T17:40:55.369Z","60","InstanceId","i-0e890c100615e35dd","8","OK","E:\GKS Research\aws-ec2-vs-serverless-research\data\raw\formal\cloudwatch\ec2\EC2-W06-T03_CPUUtilization_Maximum.json"
"EC2-W06-T03","EC2","EC2","AWS/EC2","NetworkIn","Sum","2026-08-16T17:32:51.715Z","2026-08-16T17:40:55.369Z","60","InstanceId","i-0e890c100615e35dd","8","OK","E:\GKS Research\aws-ec2-vs-serverless-research\data\raw\formal\cloudwatch\ec2\EC2-W06-T03_NetworkIn_Sum.json"
"EC2-W06-T03","EC2","EC2","AWS/EC2","NetworkOut","Sum","2026-08-16T17:32:51.715Z","2026-08-16T17:40:55.369Z","60","InstanceId","i-0e890c100615e35dd","8","OK","E:\GKS Research\aws-ec2-vs-serverless-research\data\raw\formal\cloudwatch\ec2\EC2-W06-T03_NetworkOut_Sum.json"
"EC2-W06-T03","EC2","EC2","AWS/EC2","StatusCheckFailed","Maximum","2026-08-16T17:32:51.715Z","2026-08-16T17:40:55.369Z","60","InstanceId","i-0e890c100615e35dd","8","OK","E:\GKS Research\aws-ec2-vs-serverless-research\data\raw\formal\cloudwatch\ec2\EC2-W06-T03_StatusCheckFailed_Maximum.json"
"SVL-W01-T01","SVL","Lambda","AWS/Lambda","Invocations","Sum","2026-08-16T15:46:05.171Z","2026-08-16T15:47:06.241Z","60","FunctionName","research-serverless-compute","1","OK","E:\GKS Research\aws-ec2-vs-serverless-research\data\raw\formal\cloudwatch\lambda\SVL-W01-T01_Invocations_Sum.json"
"SVL-W01-T01","SVL","Lambda","AWS/Lambda","Duration","Average","2026-08-16T15:46:05.171Z","2026-08-16T15:47:06.241Z","60","FunctionName","research-serverless-compute","1","OK","E:\GKS Research\aws-ec2-vs-serverless-research\data\raw\formal\cloudwatch\lambda\SVL-W01-T01_Duration_Average.json"
"SVL-W01-T01","SVL","Lambda","AWS/Lambda","Errors","Sum","2026-08-16T15:46:05.171Z","2026-08-16T15:47:06.241Z","60","FunctionName","research-serverless-compute","1","OK","E:\GKS Research\aws-ec2-vs-serverless-research\data\raw\formal\cloudwatch\lambda\SVL-W01-T01_Errors_Sum.json"
"SVL-W01-T01","SVL","Lambda","AWS/Lambda","Throttles","Sum","2026-08-16T15:46:05.171Z","2026-08-16T15:47:06.241Z","60","FunctionName","research-serverless-compute","1","OK","E:\GKS Research\aws-ec2-vs-serverless-research\data\raw\formal\cloudwatch\lambda\SVL-W01-T01_Throttles_Sum.json"
"SVL-W01-T01","SVL","Lambda","AWS/Lambda","ConcurrentExecutions","Maximum","2026-08-16T15:46:05.171Z","2026-08-16T15:47:06.241Z","60","FunctionName","research-serverless-compute","1","OK","E:\GKS Research\aws-ec2-vs-serverless-research\data\raw\formal\cloudwatch\lambda\SVL-W01-T01_ConcurrentExecutions_Maximum.json"
"SVL-W01-T01","SVL","APIGateway","AWS/ApiGateway","Count","Sum","2026-08-16T15:46:05.171Z","2026-08-16T15:47:06.241Z","60","ApiId","os2vbs3gs0","1","OK","E:\GKS Research\aws-ec2-vs-serverless-research\data\raw\formal\cloudwatch\apigateway\SVL-W01-T01_Count_Sum.json"
"SVL-W01-T01","SVL","APIGateway","AWS/ApiGateway","4xx","Sum","2026-08-16T15:46:05.171Z","2026-08-16T15:47:06.241Z","60","ApiId","os2vbs3gs0","1","OK","E:\GKS Research\aws-ec2-vs-serverless-research\data\raw\formal\cloudwatch\apigateway\SVL-W01-T01_4xx_Sum.json"
"SVL-W01-T01","SVL","APIGateway","AWS/ApiGateway","5xx","Sum","2026-08-16T15:46:05.171Z","2026-08-16T15:47:06.241Z","60","ApiId","os2vbs3gs0","1","OK","E:\GKS Research\aws-ec2-vs-serverless-research\data\raw\formal\cloudwatch\apigateway\SVL-W01-T01_5xx_Sum.json"
"SVL-W01-T01","SVL","APIGateway","AWS/ApiGateway","Latency","Average","2026-08-16T15:46:05.171Z","2026-08-16T15:47:06.241Z","60","ApiId","os2vbs3gs0","1","OK","E:\GKS Research\aws-ec2-vs-serverless-research\data\raw\formal\cloudwatch\apigateway\SVL-W01-T01_Latency_Average.json"
"SVL-W01-T01","SVL","APIGateway","AWS/ApiGateway","IntegrationLatency","Average","2026-08-16T15:46:05.171Z","2026-08-16T15:47:06.241Z","60","ApiId","os2vbs3gs0","1","OK","E:\GKS Research\aws-ec2-vs-serverless-research\data\raw\formal\cloudwatch\apigateway\SVL-W01-T01_IntegrationLatency_Average.json"
"SVL-W01-T02","SVL","Lambda","AWS/Lambda","Invocations","Sum","2026-08-16T15:47:11.207Z","2026-08-16T15:48:12.237Z","60","FunctionName","research-serverless-compute","1","OK","E:\GKS Research\aws-ec2-vs-serverless-research\data\raw\formal\cloudwatch\lambda\SVL-W01-T02_Invocations_Sum.json"
"SVL-W01-T02","SVL","Lambda","AWS/Lambda","Duration","Average","2026-08-16T15:47:11.207Z","2026-08-16T15:48:12.237Z","60","FunctionName","research-serverless-compute","1","OK","E:\GKS Research\aws-ec2-vs-serverless-research\data\raw\formal\cloudwatch\lambda\SVL-W01-T02_Duration_Average.json"
"SVL-W01-T02","SVL","Lambda","AWS/Lambda","Errors","Sum","2026-08-16T15:47:11.207Z","2026-08-16T15:48:12.237Z","60","FunctionName","research-serverless-compute","1","OK","E:\GKS Research\aws-ec2-vs-serverless-research\data\raw\formal\cloudwatch\lambda\SVL-W01-T02_Errors_Sum.json"
"SVL-W01-T02","SVL","Lambda","AWS/Lambda","Throttles","Sum","2026-08-16T15:47:11.207Z","2026-08-16T15:48:12.237Z","60","FunctionName","research-serverless-compute","1","OK","E:\GKS Research\aws-ec2-vs-serverless-research\data\raw\formal\cloudwatch\lambda\SVL-W01-T02_Throttles_Sum.json"
"SVL-W01-T02","SVL","Lambda","AWS/Lambda","ConcurrentExecutions","Maximum","2026-08-16T15:47:11.207Z","2026-08-16T15:48:12.237Z","60","FunctionName","research-serverless-compute","1","OK","E:\GKS Research\aws-ec2-vs-serverless-research\data\raw\formal\cloudwatch\lambda\SVL-W01-T02_ConcurrentExecutions_Maximum.json"
"SVL-W01-T02","SVL","APIGateway","AWS/ApiGateway","Count","Sum","2026-08-16T15:47:11.207Z","2026-08-16T15:48:12.237Z","60","ApiId","os2vbs3gs0","1","OK","E:\GKS Research\aws-ec2-vs-serverless-research\data\raw\formal\cloudwatch\apigateway\SVL-W01-T02_Count_Sum.json"
"SVL-W01-T02","SVL","APIGateway","AWS/ApiGateway","4xx","Sum","2026-08-16T15:47:11.207Z","2026-08-16T15:48:12.237Z","60","ApiId","os2vbs3gs0","1","OK","E:\GKS Research\aws-ec2-vs-serverless-research\data\raw\formal\cloudwatch\apigateway\SVL-W01-T02_4xx_Sum.json"
"SVL-W01-T02","SVL","APIGateway","AWS/ApiGateway","5xx","Sum","2026-08-16T15:47:11.207Z","2026-08-16T15:48:12.237Z","60","ApiId","os2vbs3gs0","1","OK","E:\GKS Research\aws-ec2-vs-serverless-research\data\raw\formal\cloudwatch\apigateway\SVL-W01-T02_5xx_Sum.json"
"SVL-W01-T02","SVL","APIGateway","AWS/ApiGateway","Latency","Average","2026-08-16T15:47:11.207Z","2026-08-16T15:48:12.237Z","60","ApiId","os2vbs3gs0","1","OK","E:\GKS Research\aws-ec2-vs-serverless-research\data\raw\formal\cloudwatch\apigateway\SVL-W01-T02_Latency_Average.json"
"SVL-W01-T02","SVL","APIGateway","AWS/ApiGateway","IntegrationLatency","Average","2026-08-16T15:47:11.207Z","2026-08-16T15:48:12.237Z","60","ApiId","os2vbs3gs0","1","OK","E:\GKS Research\aws-ec2-vs-serverless-research\data\raw\formal\cloudwatch\apigateway\SVL-W01-T02_IntegrationLatency_Average.json"
"SVL-W01-T03","SVL","Lambda","AWS/Lambda","Invocations","Sum","2026-08-16T15:48:16.787Z","2026-08-16T15:49:17.753Z","60","FunctionName","research-serverless-compute","1","OK","E:\GKS Research\aws-ec2-vs-serverless-research\data\raw\formal\cloudwatch\lambda\SVL-W01-T03_Invocations_Sum.json"
"SVL-W01-T03","SVL","Lambda","AWS/Lambda","Duration","Average","2026-08-16T15:48:16.787Z","2026-08-16T15:49:17.753Z","60","FunctionName","research-serverless-compute","1","OK","E:\GKS Research\aws-ec2-vs-serverless-research\data\raw\formal\cloudwatch\lambda\SVL-W01-T03_Duration_Average.json"
"SVL-W01-T03","SVL","Lambda","AWS/Lambda","Errors","Sum","2026-08-16T15:48:16.787Z","2026-08-16T15:49:17.753Z","60","FunctionName","research-serverless-compute","1","OK","E:\GKS Research\aws-ec2-vs-serverless-research\data\raw\formal\cloudwatch\lambda\SVL-W01-T03_Errors_Sum.json"
"SVL-W01-T03","SVL","Lambda","AWS/Lambda","Throttles","Sum","2026-08-16T15:48:16.787Z","2026-08-16T15:49:17.753Z","60","FunctionName","research-serverless-compute","1","OK","E:\GKS Research\aws-ec2-vs-serverless-research\data\raw\formal\cloudwatch\lambda\SVL-W01-T03_Throttles_Sum.json"
"SVL-W01-T03","SVL","Lambda","AWS/Lambda","ConcurrentExecutions","Maximum","2026-08-16T15:48:16.787Z","2026-08-16T15:49:17.753Z","60","FunctionName","research-serverless-compute","1","OK","E:\GKS Research\aws-ec2-vs-serverless-research\data\raw\formal\cloudwatch\lambda\SVL-W01-T03_ConcurrentExecutions_Maximum.json"
"SVL-W01-T03","SVL","APIGateway","AWS/ApiGateway","Count","Sum","2026-08-16T15:48:16.787Z","2026-08-16T15:49:17.753Z","60","ApiId","os2vbs3gs0","1","OK","E:\GKS Research\aws-ec2-vs-serverless-research\data\raw\formal\cloudwatch\apigateway\SVL-W01-T03_Count_Sum.json"
"SVL-W01-T03","SVL","APIGateway","AWS/ApiGateway","4xx","Sum","2026-08-16T15:48:16.787Z","2026-08-16T15:49:17.753Z","60","ApiId","os2vbs3gs0","1","OK","E:\GKS Research\aws-ec2-vs-serverless-research\data\raw\formal\cloudwatch\apigateway\SVL-W01-T03_4xx_Sum.json"
"SVL-W01-T03","SVL","APIGateway","AWS/ApiGateway","5xx","Sum","2026-08-16T15:48:16.787Z","2026-08-16T15:49:17.753Z","60","ApiId","os2vbs3gs0","1","OK","E:\GKS Research\aws-ec2-vs-serverless-research\data\raw\formal\cloudwatch\apigateway\SVL-W01-T03_5xx_Sum.json"
"SVL-W01-T03","SVL","APIGateway","AWS/ApiGateway","Latency","Average","2026-08-16T15:48:16.787Z","2026-08-16T15:49:17.753Z","60","ApiId","os2vbs3gs0","1","OK","E:\GKS Research\aws-ec2-vs-serverless-research\data\raw\formal\cloudwatch\apigateway\SVL-W01-T03_Latency_Average.json"
"SVL-W01-T03","SVL","APIGateway","AWS/ApiGateway","IntegrationLatency","Average","2026-08-16T15:48:16.787Z","2026-08-16T15:49:17.753Z","60","ApiId","os2vbs3gs0","1","OK","E:\GKS Research\aws-ec2-vs-serverless-research\data\raw\formal\cloudwatch\apigateway\SVL-W01-T03_IntegrationLatency_Average.json"
"SVL-W02-T01","SVL","Lambda","AWS/Lambda","Invocations","Sum","2026-08-16T16:09:31.386Z","2026-08-16T16:10:32.021Z","60","FunctionName","research-serverless-compute","1","OK","E:\GKS Research\aws-ec2-vs-serverless-research\data\raw\formal\cloudwatch\lambda\SVL-W02-T01_Invocations_Sum.json"
"SVL-W02-T01","SVL","Lambda","AWS/Lambda","Duration","Average","2026-08-16T16:09:31.386Z","2026-08-16T16:10:32.021Z","60","FunctionName","research-serverless-compute","1","OK","E:\GKS Research\aws-ec2-vs-serverless-research\data\raw\formal\cloudwatch\lambda\SVL-W02-T01_Duration_Average.json"
"SVL-W02-T01","SVL","Lambda","AWS/Lambda","Errors","Sum","2026-08-16T16:09:31.386Z","2026-08-16T16:10:32.021Z","60","FunctionName","research-serverless-compute","1","OK","E:\GKS Research\aws-ec2-vs-serverless-research\data\raw\formal\cloudwatch\lambda\SVL-W02-T01_Errors_Sum.json"
"SVL-W02-T01","SVL","Lambda","AWS/Lambda","Throttles","Sum","2026-08-16T16:09:31.386Z","2026-08-16T16:10:32.021Z","60","FunctionName","research-serverless-compute","1","OK","E:\GKS Research\aws-ec2-vs-serverless-research\data\raw\formal\cloudwatch\lambda\SVL-W02-T01_Throttles_Sum.json"
"SVL-W02-T01","SVL","Lambda","AWS/Lambda","ConcurrentExecutions","Maximum","2026-08-16T16:09:31.386Z","2026-08-16T16:10:32.021Z","60","FunctionName","research-serverless-compute","1","OK","E:\GKS Research\aws-ec2-vs-serverless-research\data\raw\formal\cloudwatch\lambda\SVL-W02-T01_ConcurrentExecutions_Maximum.json"
"SVL-W02-T01","SVL","APIGateway","AWS/ApiGateway","Count","Sum","2026-08-16T16:09:31.386Z","2026-08-16T16:10:32.021Z","60","ApiId","os2vbs3gs0","1","OK","E:\GKS Research\aws-ec2-vs-serverless-research\data\raw\formal\cloudwatch\apigateway\SVL-W02-T01_Count_Sum.json"
"SVL-W02-T01","SVL","APIGateway","AWS/ApiGateway","4xx","Sum","2026-08-16T16:09:31.386Z","2026-08-16T16:10:32.021Z","60","ApiId","os2vbs3gs0","1","OK","E:\GKS Research\aws-ec2-vs-serverless-research\data\raw\formal\cloudwatch\apigateway\SVL-W02-T01_4xx_Sum.json"
"SVL-W02-T01","SVL","APIGateway","AWS/ApiGateway","5xx","Sum","2026-08-16T16:09:31.386Z","2026-08-16T16:10:32.021Z","60","ApiId","os2vbs3gs0","1","OK","E:\GKS Research\aws-ec2-vs-serverless-research\data\raw\formal\cloudwatch\apigateway\SVL-W02-T01_5xx_Sum.json"
"SVL-W02-T01","SVL","APIGateway","AWS/ApiGateway","Latency","Average","2026-08-16T16:09:31.386Z","2026-08-16T16:10:32.021Z","60","ApiId","os2vbs3gs0","1","OK","E:\GKS Research\aws-ec2-vs-serverless-research\data\raw\formal\cloudwatch\apigateway\SVL-W02-T01_Latency_Average.json"
"SVL-W02-T01","SVL","APIGateway","AWS/ApiGateway","IntegrationLatency","Average","2026-08-16T16:09:31.386Z","2026-08-16T16:10:32.021Z","60","ApiId","os2vbs3gs0","1","OK","E:\GKS Research\aws-ec2-vs-serverless-research\data\raw\formal\cloudwatch\apigateway\SVL-W02-T01_IntegrationLatency_Average.json"
"SVL-W02-T02","SVL","Lambda","AWS/Lambda","Invocations","Sum","2026-08-16T16:10:35.555Z","2026-08-16T16:11:36.188Z","60","FunctionName","research-serverless-compute","1","OK","E:\GKS Research\aws-ec2-vs-serverless-research\data\raw\formal\cloudwatch\lambda\SVL-W02-T02_Invocations_Sum.json"
"SVL-W02-T02","SVL","Lambda","AWS/Lambda","Duration","Average","2026-08-16T16:10:35.555Z","2026-08-16T16:11:36.188Z","60","FunctionName","research-serverless-compute","1","OK","E:\GKS Research\aws-ec2-vs-serverless-research\data\raw\formal\cloudwatch\lambda\SVL-W02-T02_Duration_Average.json"
"SVL-W02-T02","SVL","Lambda","AWS/Lambda","Errors","Sum","2026-08-16T16:10:35.555Z","2026-08-16T16:11:36.188Z","60","FunctionName","research-serverless-compute","1","OK","E:\GKS Research\aws-ec2-vs-serverless-research\data\raw\formal\cloudwatch\lambda\SVL-W02-T02_Errors_Sum.json"
"SVL-W02-T02","SVL","Lambda","AWS/Lambda","Throttles","Sum","2026-08-16T16:10:35.555Z","2026-08-16T16:11:36.188Z","60","FunctionName","research-serverless-compute","1","OK","E:\GKS Research\aws-ec2-vs-serverless-research\data\raw\formal\cloudwatch\lambda\SVL-W02-T02_Throttles_Sum.json"
"SVL-W02-T02","SVL","Lambda","AWS/Lambda","ConcurrentExecutions","Maximum","2026-08-16T16:10:35.555Z","2026-08-16T16:11:36.188Z","60","FunctionName","research-serverless-compute","1","OK","E:\GKS Research\aws-ec2-vs-serverless-research\data\raw\formal\cloudwatch\lambda\SVL-W02-T02_ConcurrentExecutions_Maximum.json"
"SVL-W02-T02","SVL","APIGateway","AWS/ApiGateway","Count","Sum","2026-08-16T16:10:35.555Z","2026-08-16T16:11:36.188Z","60","ApiId","os2vbs3gs0","1","OK","E:\GKS Research\aws-ec2-vs-serverless-research\data\raw\formal\cloudwatch\apigateway\SVL-W02-T02_Count_Sum.json"
"SVL-W02-T02","SVL","APIGateway","AWS/ApiGateway","4xx","Sum","2026-08-16T16:10:35.555Z","2026-08-16T16:11:36.188Z","60","ApiId","os2vbs3gs0","1","OK","E:\GKS Research\aws-ec2-vs-serverless-research\data\raw\formal\cloudwatch\apigateway\SVL-W02-T02_4xx_Sum.json"
"SVL-W02-T02","SVL","APIGateway","AWS/ApiGateway","5xx","Sum","2026-08-16T16:10:35.555Z","2026-08-16T16:11:36.188Z","60","ApiId","os2vbs3gs0","1","OK","E:\GKS Research\aws-ec2-vs-serverless-research\data\raw\formal\cloudwatch\apigateway\SVL-W02-T02_5xx_Sum.json"
"SVL-W02-T02","SVL","APIGateway","AWS/ApiGateway","Latency","Average","2026-08-16T16:10:35.555Z","2026-08-16T16:11:36.188Z","60","ApiId","os2vbs3gs0","1","OK","E:\GKS Research\aws-ec2-vs-serverless-research\data\raw\formal\cloudwatch\apigateway\SVL-W02-T02_Latency_Average.json"
"SVL-W02-T02","SVL","APIGateway","AWS/ApiGateway","IntegrationLatency","Average","2026-08-16T16:10:35.555Z","2026-08-16T16:11:36.188Z","60","ApiId","os2vbs3gs0","1","OK","E:\GKS Research\aws-ec2-vs-serverless-research\data\raw\formal\cloudwatch\apigateway\SVL-W02-T02_IntegrationLatency_Average.json"
"SVL-W02-T03","SVL","Lambda","AWS/Lambda","Invocations","Sum","2026-08-16T16:11:39.961Z","2026-08-16T16:12:40.657Z","60","FunctionName","research-serverless-compute","1","OK","E:\GKS Research\aws-ec2-vs-serverless-research\data\raw\formal\cloudwatch\lambda\SVL-W02-T03_Invocations_Sum.json"
"SVL-W02-T03","SVL","Lambda","AWS/Lambda","Duration","Average","2026-08-16T16:11:39.961Z","2026-08-16T16:12:40.657Z","60","FunctionName","research-serverless-compute","1","OK","E:\GKS Research\aws-ec2-vs-serverless-research\data\raw\formal\cloudwatch\lambda\SVL-W02-T03_Duration_Average.json"
"SVL-W02-T03","SVL","Lambda","AWS/Lambda","Errors","Sum","2026-08-16T16:11:39.961Z","2026-08-16T16:12:40.657Z","60","FunctionName","research-serverless-compute","1","OK","E:\GKS Research\aws-ec2-vs-serverless-research\data\raw\formal\cloudwatch\lambda\SVL-W02-T03_Errors_Sum.json"
"SVL-W02-T03","SVL","Lambda","AWS/Lambda","Throttles","Sum","2026-08-16T16:11:39.961Z","2026-08-16T16:12:40.657Z","60","FunctionName","research-serverless-compute","1","OK","E:\GKS Research\aws-ec2-vs-serverless-research\data\raw\formal\cloudwatch\lambda\SVL-W02-T03_Throttles_Sum.json"
"SVL-W02-T03","SVL","Lambda","AWS/Lambda","ConcurrentExecutions","Maximum","2026-08-16T16:11:39.961Z","2026-08-16T16:12:40.657Z","60","FunctionName","research-serverless-compute","1","OK","E:\GKS Research\aws-ec2-vs-serverless-research\data\raw\formal\cloudwatch\lambda\SVL-W02-T03_ConcurrentExecutions_Maximum.json"
"SVL-W02-T03","SVL","APIGateway","AWS/ApiGateway","Count","Sum","2026-08-16T16:11:39.961Z","2026-08-16T16:12:40.657Z","60","ApiId","os2vbs3gs0","1","OK","E:\GKS Research\aws-ec2-vs-serverless-research\data\raw\formal\cloudwatch\apigateway\SVL-W02-T03_Count_Sum.json"
"SVL-W02-T03","SVL","APIGateway","AWS/ApiGateway","4xx","Sum","2026-08-16T16:11:39.961Z","2026-08-16T16:12:40.657Z","60","ApiId","os2vbs3gs0","1","OK","E:\GKS Research\aws-ec2-vs-serverless-research\data\raw\formal\cloudwatch\apigateway\SVL-W02-T03_4xx_Sum.json"
"SVL-W02-T03","SVL","APIGateway","AWS/ApiGateway","5xx","Sum","2026-08-16T16:11:39.961Z","2026-08-16T16:12:40.657Z","60","ApiId","os2vbs3gs0","1","OK","E:\GKS Research\aws-ec2-vs-serverless-research\data\raw\formal\cloudwatch\apigateway\SVL-W02-T03_5xx_Sum.json"
"SVL-W02-T03","SVL","APIGateway","AWS/ApiGateway","Latency","Average","2026-08-16T16:11:39.961Z","2026-08-16T16:12:40.657Z","60","ApiId","os2vbs3gs0","1","OK","E:\GKS Research\aws-ec2-vs-serverless-research\data\raw\formal\cloudwatch\apigateway\SVL-W02-T03_Latency_Average.json"
"SVL-W02-T03","SVL","APIGateway","AWS/ApiGateway","IntegrationLatency","Average","2026-08-16T16:11:39.961Z","2026-08-16T16:12:40.657Z","60","ApiId","os2vbs3gs0","1","OK","E:\GKS Research\aws-ec2-vs-serverless-research\data\raw\formal\cloudwatch\apigateway\SVL-W02-T03_IntegrationLatency_Average.json"
"SVL-W03-T01","SVL","Lambda","AWS/Lambda","Invocations","Sum","2026-08-16T16:17:27.770Z","2026-08-16T16:18:28.391Z","60","FunctionName","research-serverless-compute","1","OK","E:\GKS Research\aws-ec2-vs-serverless-research\data\raw\formal\cloudwatch\lambda\SVL-W03-T01_Invocations_Sum.json"
"SVL-W03-T01","SVL","Lambda","AWS/Lambda","Duration","Average","2026-08-16T16:17:27.770Z","2026-08-16T16:18:28.391Z","60","FunctionName","research-serverless-compute","1","OK","E:\GKS Research\aws-ec2-vs-serverless-research\data\raw\formal\cloudwatch\lambda\SVL-W03-T01_Duration_Average.json"
"SVL-W03-T01","SVL","Lambda","AWS/Lambda","Errors","Sum","2026-08-16T16:17:27.770Z","2026-08-16T16:18:28.391Z","60","FunctionName","research-serverless-compute","1","OK","E:\GKS Research\aws-ec2-vs-serverless-research\data\raw\formal\cloudwatch\lambda\SVL-W03-T01_Errors_Sum.json"
"SVL-W03-T01","SVL","Lambda","AWS/Lambda","Throttles","Sum","2026-08-16T16:17:27.770Z","2026-08-16T16:18:28.391Z","60","FunctionName","research-serverless-compute","1","OK","E:\GKS Research\aws-ec2-vs-serverless-research\data\raw\formal\cloudwatch\lambda\SVL-W03-T01_Throttles_Sum.json"
"SVL-W03-T01","SVL","Lambda","AWS/Lambda","ConcurrentExecutions","Maximum","2026-08-16T16:17:27.770Z","2026-08-16T16:18:28.391Z","60","FunctionName","research-serverless-compute","1","OK","E:\GKS Research\aws-ec2-vs-serverless-research\data\raw\formal\cloudwatch\lambda\SVL-W03-T01_ConcurrentExecutions_Maximum.json"
"SVL-W03-T01","SVL","APIGateway","AWS/ApiGateway","Count","Sum","2026-08-16T16:17:27.770Z","2026-08-16T16:18:28.391Z","60","ApiId","os2vbs3gs0","1","OK","E:\GKS Research\aws-ec2-vs-serverless-research\data\raw\formal\cloudwatch\apigateway\SVL-W03-T01_Count_Sum.json"
"SVL-W03-T01","SVL","APIGateway","AWS/ApiGateway","4xx","Sum","2026-08-16T16:17:27.770Z","2026-08-16T16:18:28.391Z","60","ApiId","os2vbs3gs0","1","OK","E:\GKS Research\aws-ec2-vs-serverless-research\data\raw\formal\cloudwatch\apigateway\SVL-W03-T01_4xx_Sum.json"
"SVL-W03-T01","SVL","APIGateway","AWS/ApiGateway","5xx","Sum","2026-08-16T16:17:27.770Z","2026-08-16T16:18:28.391Z","60","ApiId","os2vbs3gs0","1","OK","E:\GKS Research\aws-ec2-vs-serverless-research\data\raw\formal\cloudwatch\apigateway\SVL-W03-T01_5xx_Sum.json"
"SVL-W03-T01","SVL","APIGateway","AWS/ApiGateway","Latency","Average","2026-08-16T16:17:27.770Z","2026-08-16T16:18:28.391Z","60","ApiId","os2vbs3gs0","1","OK","E:\GKS Research\aws-ec2-vs-serverless-research\data\raw\formal\cloudwatch\apigateway\SVL-W03-T01_Latency_Average.json"
"SVL-W03-T01","SVL","APIGateway","AWS/ApiGateway","IntegrationLatency","Average","2026-08-16T16:17:27.770Z","2026-08-16T16:18:28.391Z","60","ApiId","os2vbs3gs0","1","OK","E:\GKS Research\aws-ec2-vs-serverless-research\data\raw\formal\cloudwatch\apigateway\SVL-W03-T01_IntegrationLatency_Average.json"
"SVL-W03-T02","SVL","Lambda","AWS/Lambda","Invocations","Sum","2026-08-16T16:18:34.242Z","2026-08-16T16:19:34.989Z","60","FunctionName","research-serverless-compute","1","OK","E:\GKS Research\aws-ec2-vs-serverless-research\data\raw\formal\cloudwatch\lambda\SVL-W03-T02_Invocations_Sum.json"
"SVL-W03-T02","SVL","Lambda","AWS/Lambda","Duration","Average","2026-08-16T16:18:34.242Z","2026-08-16T16:19:34.989Z","60","FunctionName","research-serverless-compute","1","OK","E:\GKS Research\aws-ec2-vs-serverless-research\data\raw\formal\cloudwatch\lambda\SVL-W03-T02_Duration_Average.json"
"SVL-W03-T02","SVL","Lambda","AWS/Lambda","Errors","Sum","2026-08-16T16:18:34.242Z","2026-08-16T16:19:34.989Z","60","FunctionName","research-serverless-compute","1","OK","E:\GKS Research\aws-ec2-vs-serverless-research\data\raw\formal\cloudwatch\lambda\SVL-W03-T02_Errors_Sum.json"
"SVL-W03-T02","SVL","Lambda","AWS/Lambda","Throttles","Sum","2026-08-16T16:18:34.242Z","2026-08-16T16:19:34.989Z","60","FunctionName","research-serverless-compute","1","OK","E:\GKS Research\aws-ec2-vs-serverless-research\data\raw\formal\cloudwatch\lambda\SVL-W03-T02_Throttles_Sum.json"
"SVL-W03-T02","SVL","Lambda","AWS/Lambda","ConcurrentExecutions","Maximum","2026-08-16T16:18:34.242Z","2026-08-16T16:19:34.989Z","60","FunctionName","research-serverless-compute","1","OK","E:\GKS Research\aws-ec2-vs-serverless-research\data\raw\formal\cloudwatch\lambda\SVL-W03-T02_ConcurrentExecutions_Maximum.json"
"SVL-W03-T02","SVL","APIGateway","AWS/ApiGateway","Count","Sum","2026-08-16T16:18:34.242Z","2026-08-16T16:19:34.989Z","60","ApiId","os2vbs3gs0","1","OK","E:\GKS Research\aws-ec2-vs-serverless-research\data\raw\formal\cloudwatch\apigateway\SVL-W03-T02_Count_Sum.json"
"SVL-W03-T02","SVL","APIGateway","AWS/ApiGateway","4xx","Sum","2026-08-16T16:18:34.242Z","2026-08-16T16:19:34.989Z","60","ApiId","os2vbs3gs0","1","OK","E:\GKS Research\aws-ec2-vs-serverless-research\data\raw\formal\cloudwatch\apigateway\SVL-W03-T02_4xx_Sum.json"
"SVL-W03-T02","SVL","APIGateway","AWS/ApiGateway","5xx","Sum","2026-08-16T16:18:34.242Z","2026-08-16T16:19:34.989Z","60","ApiId","os2vbs3gs0","1","OK","E:\GKS Research\aws-ec2-vs-serverless-research\data\raw\formal\cloudwatch\apigateway\SVL-W03-T02_5xx_Sum.json"
"SVL-W03-T02","SVL","APIGateway","AWS/ApiGateway","Latency","Average","2026-08-16T16:18:34.242Z","2026-08-16T16:19:34.989Z","60","ApiId","os2vbs3gs0","1","OK","E:\GKS Research\aws-ec2-vs-serverless-research\data\raw\formal\cloudwatch\apigateway\SVL-W03-T02_Latency_Average.json"
"SVL-W03-T02","SVL","APIGateway","AWS/ApiGateway","IntegrationLatency","Average","2026-08-16T16:18:34.242Z","2026-08-16T16:19:34.989Z","60","ApiId","os2vbs3gs0","1","OK","E:\GKS Research\aws-ec2-vs-serverless-research\data\raw\formal\cloudwatch\apigateway\SVL-W03-T02_IntegrationLatency_Average.json"
"SVL-W03-T03","SVL","Lambda","AWS/Lambda","Invocations","Sum","2026-08-16T16:19:46.210Z","2026-08-16T16:20:57.514Z","60","FunctionName","research-serverless-compute","1","OK","E:\GKS Research\aws-ec2-vs-serverless-research\data\raw\formal\cloudwatch\lambda\SVL-W03-T03_Invocations_Sum.json"
"SVL-W03-T03","SVL","Lambda","AWS/Lambda","Duration","Average","2026-08-16T16:19:46.210Z","2026-08-16T16:20:57.514Z","60","FunctionName","research-serverless-compute","1","OK","E:\GKS Research\aws-ec2-vs-serverless-research\data\raw\formal\cloudwatch\lambda\SVL-W03-T03_Duration_Average.json"
"SVL-W03-T03","SVL","Lambda","AWS/Lambda","Errors","Sum","2026-08-16T16:19:46.210Z","2026-08-16T16:20:57.514Z","60","FunctionName","research-serverless-compute","1","OK","E:\GKS Research\aws-ec2-vs-serverless-research\data\raw\formal\cloudwatch\lambda\SVL-W03-T03_Errors_Sum.json"
"SVL-W03-T03","SVL","Lambda","AWS/Lambda","Throttles","Sum","2026-08-16T16:19:46.210Z","2026-08-16T16:20:57.514Z","60","FunctionName","research-serverless-compute","1","OK","E:\GKS Research\aws-ec2-vs-serverless-research\data\raw\formal\cloudwatch\lambda\SVL-W03-T03_Throttles_Sum.json"
"SVL-W03-T03","SVL","Lambda","AWS/Lambda","ConcurrentExecutions","Maximum","2026-08-16T16:19:46.210Z","2026-08-16T16:20:57.514Z","60","FunctionName","research-serverless-compute","1","OK","E:\GKS Research\aws-ec2-vs-serverless-research\data\raw\formal\cloudwatch\lambda\SVL-W03-T03_ConcurrentExecutions_Maximum.json"
"SVL-W03-T03","SVL","APIGateway","AWS/ApiGateway","Count","Sum","2026-08-16T16:19:46.210Z","2026-08-16T16:20:57.514Z","60","ApiId","os2vbs3gs0","1","OK","E:\GKS Research\aws-ec2-vs-serverless-research\data\raw\formal\cloudwatch\apigateway\SVL-W03-T03_Count_Sum.json"
"SVL-W03-T03","SVL","APIGateway","AWS/ApiGateway","4xx","Sum","2026-08-16T16:19:46.210Z","2026-08-16T16:20:57.514Z","60","ApiId","os2vbs3gs0","1","OK","E:\GKS Research\aws-ec2-vs-serverless-research\data\raw\formal\cloudwatch\apigateway\SVL-W03-T03_4xx_Sum.json"
"SVL-W03-T03","SVL","APIGateway","AWS/ApiGateway","5xx","Sum","2026-08-16T16:19:46.210Z","2026-08-16T16:20:57.514Z","60","ApiId","os2vbs3gs0","1","OK","E:\GKS Research\aws-ec2-vs-serverless-research\data\raw\formal\cloudwatch\apigateway\SVL-W03-T03_5xx_Sum.json"
"SVL-W03-T03","SVL","APIGateway","AWS/ApiGateway","Latency","Average","2026-08-16T16:19:46.210Z","2026-08-16T16:20:57.514Z","60","ApiId","os2vbs3gs0","1","OK","E:\GKS Research\aws-ec2-vs-serverless-research\data\raw\formal\cloudwatch\apigateway\SVL-W03-T03_Latency_Average.json"
"SVL-W03-T03","SVL","APIGateway","AWS/ApiGateway","IntegrationLatency","Average","2026-08-16T16:19:46.210Z","2026-08-16T16:20:57.514Z","60","ApiId","os2vbs3gs0","1","OK","E:\GKS Research\aws-ec2-vs-serverless-research\data\raw\formal\cloudwatch\apigateway\SVL-W03-T03_IntegrationLatency_Average.json"
"SVL-W04-T01","SVL","Lambda","AWS/Lambda","Invocations","Sum","2026-08-16T16:32:07.226Z","2026-08-16T16:33:07.989Z","60","FunctionName","research-serverless-compute","1","OK","E:\GKS Research\aws-ec2-vs-serverless-research\data\raw\formal\cloudwatch\lambda\SVL-W04-T01_Invocations_Sum.json"
"SVL-W04-T01","SVL","Lambda","AWS/Lambda","Duration","Average","2026-08-16T16:32:07.226Z","2026-08-16T16:33:07.989Z","60","FunctionName","research-serverless-compute","1","OK","E:\GKS Research\aws-ec2-vs-serverless-research\data\raw\formal\cloudwatch\lambda\SVL-W04-T01_Duration_Average.json"
"SVL-W04-T01","SVL","Lambda","AWS/Lambda","Errors","Sum","2026-08-16T16:32:07.226Z","2026-08-16T16:33:07.989Z","60","FunctionName","research-serverless-compute","1","OK","E:\GKS Research\aws-ec2-vs-serverless-research\data\raw\formal\cloudwatch\lambda\SVL-W04-T01_Errors_Sum.json"
"SVL-W04-T01","SVL","Lambda","AWS/Lambda","Throttles","Sum","2026-08-16T16:32:07.226Z","2026-08-16T16:33:07.989Z","60","FunctionName","research-serverless-compute","1","OK","E:\GKS Research\aws-ec2-vs-serverless-research\data\raw\formal\cloudwatch\lambda\SVL-W04-T01_Throttles_Sum.json"
"SVL-W04-T01","SVL","Lambda","AWS/Lambda","ConcurrentExecutions","Maximum","2026-08-16T16:32:07.226Z","2026-08-16T16:33:07.989Z","60","FunctionName","research-serverless-compute","1","OK","E:\GKS Research\aws-ec2-vs-serverless-research\data\raw\formal\cloudwatch\lambda\SVL-W04-T01_ConcurrentExecutions_Maximum.json"
"SVL-W04-T01","SVL","APIGateway","AWS/ApiGateway","Count","Sum","2026-08-16T16:32:07.226Z","2026-08-16T16:33:07.989Z","60","ApiId","os2vbs3gs0","1","OK","E:\GKS Research\aws-ec2-vs-serverless-research\data\raw\formal\cloudwatch\apigateway\SVL-W04-T01_Count_Sum.json"
"SVL-W04-T01","SVL","APIGateway","AWS/ApiGateway","4xx","Sum","2026-08-16T16:32:07.226Z","2026-08-16T16:33:07.989Z","60","ApiId","os2vbs3gs0","1","OK","E:\GKS Research\aws-ec2-vs-serverless-research\data\raw\formal\cloudwatch\apigateway\SVL-W04-T01_4xx_Sum.json"
"SVL-W04-T01","SVL","APIGateway","AWS/ApiGateway","5xx","Sum","2026-08-16T16:32:07.226Z","2026-08-16T16:33:07.989Z","60","ApiId","os2vbs3gs0","1","OK","E:\GKS Research\aws-ec2-vs-serverless-research\data\raw\formal\cloudwatch\apigateway\SVL-W04-T01_5xx_Sum.json"
"SVL-W04-T01","SVL","APIGateway","AWS/ApiGateway","Latency","Average","2026-08-16T16:32:07.226Z","2026-08-16T16:33:07.989Z","60","ApiId","os2vbs3gs0","1","OK","E:\GKS Research\aws-ec2-vs-serverless-research\data\raw\formal\cloudwatch\apigateway\SVL-W04-T01_Latency_Average.json"
"SVL-W04-T01","SVL","APIGateway","AWS/ApiGateway","IntegrationLatency","Average","2026-08-16T16:32:07.226Z","2026-08-16T16:33:07.989Z","60","ApiId","os2vbs3gs0","1","OK","E:\GKS Research\aws-ec2-vs-serverless-research\data\raw\formal\cloudwatch\apigateway\SVL-W04-T01_IntegrationLatency_Average.json"
"SVL-W04-T02","SVL","Lambda","AWS/Lambda","Invocations","Sum","2026-08-16T16:33:12.335Z","2026-08-16T16:34:13.004Z","60","FunctionName","research-serverless-compute","1","OK","E:\GKS Research\aws-ec2-vs-serverless-research\data\raw\formal\cloudwatch\lambda\SVL-W04-T02_Invocations_Sum.json"
"SVL-W04-T02","SVL","Lambda","AWS/Lambda","Duration","Average","2026-08-16T16:33:12.335Z","2026-08-16T16:34:13.004Z","60","FunctionName","research-serverless-compute","1","OK","E:\GKS Research\aws-ec2-vs-serverless-research\data\raw\formal\cloudwatch\lambda\SVL-W04-T02_Duration_Average.json"
"SVL-W04-T02","SVL","Lambda","AWS/Lambda","Errors","Sum","2026-08-16T16:33:12.335Z","2026-08-16T16:34:13.004Z","60","FunctionName","research-serverless-compute","1","OK","E:\GKS Research\aws-ec2-vs-serverless-research\data\raw\formal\cloudwatch\lambda\SVL-W04-T02_Errors_Sum.json"
"SVL-W04-T02","SVL","Lambda","AWS/Lambda","Throttles","Sum","2026-08-16T16:33:12.335Z","2026-08-16T16:34:13.004Z","60","FunctionName","research-serverless-compute","1","OK","E:\GKS Research\aws-ec2-vs-serverless-research\data\raw\formal\cloudwatch\lambda\SVL-W04-T02_Throttles_Sum.json"
"SVL-W04-T02","SVL","Lambda","AWS/Lambda","ConcurrentExecutions","Maximum","2026-08-16T16:33:12.335Z","2026-08-16T16:34:13.004Z","60","FunctionName","research-serverless-compute","1","OK","E:\GKS Research\aws-ec2-vs-serverless-research\data\raw\formal\cloudwatch\lambda\SVL-W04-T02_ConcurrentExecutions_Maximum.json"
"SVL-W04-T02","SVL","APIGateway","AWS/ApiGateway","Count","Sum","2026-08-16T16:33:12.335Z","2026-08-16T16:34:13.004Z","60","ApiId","os2vbs3gs0","1","OK","E:\GKS Research\aws-ec2-vs-serverless-research\data\raw\formal\cloudwatch\apigateway\SVL-W04-T02_Count_Sum.json"
"SVL-W04-T02","SVL","APIGateway","AWS/ApiGateway","4xx","Sum","2026-08-16T16:33:12.335Z","2026-08-16T16:34:13.004Z","60","ApiId","os2vbs3gs0","1","OK","E:\GKS Research\aws-ec2-vs-serverless-research\data\raw\formal\cloudwatch\apigateway\SVL-W04-T02_4xx_Sum.json"
"SVL-W04-T02","SVL","APIGateway","AWS/ApiGateway","5xx","Sum","2026-08-16T16:33:12.335Z","2026-08-16T16:34:13.004Z","60","ApiId","os2vbs3gs0","1","OK","E:\GKS Research\aws-ec2-vs-serverless-research\data\raw\formal\cloudwatch\apigateway\SVL-W04-T02_5xx_Sum.json"
"SVL-W04-T02","SVL","APIGateway","AWS/ApiGateway","Latency","Average","2026-08-16T16:33:12.335Z","2026-08-16T16:34:13.004Z","60","ApiId","os2vbs3gs0","1","OK","E:\GKS Research\aws-ec2-vs-serverless-research\data\raw\formal\cloudwatch\apigateway\SVL-W04-T02_Latency_Average.json"
"SVL-W04-T02","SVL","APIGateway","AWS/ApiGateway","IntegrationLatency","Average","2026-08-16T16:33:12.335Z","2026-08-16T16:34:13.004Z","60","ApiId","os2vbs3gs0","1","OK","E:\GKS Research\aws-ec2-vs-serverless-research\data\raw\formal\cloudwatch\apigateway\SVL-W04-T02_IntegrationLatency_Average.json"
"SVL-W04-T03","SVL","Lambda","AWS/Lambda","Invocations","Sum","2026-08-16T16:34:22.125Z","2026-08-16T16:35:22.881Z","60","FunctionName","research-serverless-compute","1","OK","E:\GKS Research\aws-ec2-vs-serverless-research\data\raw\formal\cloudwatch\lambda\SVL-W04-T03_Invocations_Sum.json"
"SVL-W04-T03","SVL","Lambda","AWS/Lambda","Duration","Average","2026-08-16T16:34:22.125Z","2026-08-16T16:35:22.881Z","60","FunctionName","research-serverless-compute","1","OK","E:\GKS Research\aws-ec2-vs-serverless-research\data\raw\formal\cloudwatch\lambda\SVL-W04-T03_Duration_Average.json"
"SVL-W04-T03","SVL","Lambda","AWS/Lambda","Errors","Sum","2026-08-16T16:34:22.125Z","2026-08-16T16:35:22.881Z","60","FunctionName","research-serverless-compute","1","OK","E:\GKS Research\aws-ec2-vs-serverless-research\data\raw\formal\cloudwatch\lambda\SVL-W04-T03_Errors_Sum.json"
"SVL-W04-T03","SVL","Lambda","AWS/Lambda","Throttles","Sum","2026-08-16T16:34:22.125Z","2026-08-16T16:35:22.881Z","60","FunctionName","research-serverless-compute","1","OK","E:\GKS Research\aws-ec2-vs-serverless-research\data\raw\formal\cloudwatch\lambda\SVL-W04-T03_Throttles_Sum.json"
"SVL-W04-T03","SVL","Lambda","AWS/Lambda","ConcurrentExecutions","Maximum","2026-08-16T16:34:22.125Z","2026-08-16T16:35:22.881Z","60","FunctionName","research-serverless-compute","1","OK","E:\GKS Research\aws-ec2-vs-serverless-research\data\raw\formal\cloudwatch\lambda\SVL-W04-T03_ConcurrentExecutions_Maximum.json"
"SVL-W04-T03","SVL","APIGateway","AWS/ApiGateway","Count","Sum","2026-08-16T16:34:22.125Z","2026-08-16T16:35:22.881Z","60","ApiId","os2vbs3gs0","1","OK","E:\GKS Research\aws-ec2-vs-serverless-research\data\raw\formal\cloudwatch\apigateway\SVL-W04-T03_Count_Sum.json"
"SVL-W04-T03","SVL","APIGateway","AWS/ApiGateway","4xx","Sum","2026-08-16T16:34:22.125Z","2026-08-16T16:35:22.881Z","60","ApiId","os2vbs3gs0","1","OK","E:\GKS Research\aws-ec2-vs-serverless-research\data\raw\formal\cloudwatch\apigateway\SVL-W04-T03_4xx_Sum.json"
"SVL-W04-T03","SVL","APIGateway","AWS/ApiGateway","5xx","Sum","2026-08-16T16:34:22.125Z","2026-08-16T16:35:22.881Z","60","ApiId","os2vbs3gs0","1","OK","E:\GKS Research\aws-ec2-vs-serverless-research\data\raw\formal\cloudwatch\apigateway\SVL-W04-T03_5xx_Sum.json"
"SVL-W04-T03","SVL","APIGateway","AWS/ApiGateway","Latency","Average","2026-08-16T16:34:22.125Z","2026-08-16T16:35:22.881Z","60","ApiId","os2vbs3gs0","1","OK","E:\GKS Research\aws-ec2-vs-serverless-research\data\raw\formal\cloudwatch\apigateway\SVL-W04-T03_Latency_Average.json"
"SVL-W04-T03","SVL","APIGateway","AWS/ApiGateway","IntegrationLatency","Average","2026-08-16T16:34:22.125Z","2026-08-16T16:35:22.881Z","60","ApiId","os2vbs3gs0","1","OK","E:\GKS Research\aws-ec2-vs-serverless-research\data\raw\formal\cloudwatch\apigateway\SVL-W04-T03_IntegrationLatency_Average.json"
"SVL-W05-T01","SVL","Lambda","AWS/Lambda","Invocations","Sum","2026-08-16T17:01:59.286Z","2026-08-16T17:03:00.529Z","60","FunctionName","research-serverless-compute","1","OK","E:\GKS Research\aws-ec2-vs-serverless-research\data\raw\formal\cloudwatch\lambda\SVL-W05-T01_Invocations_Sum.json"
"SVL-W05-T01","SVL","Lambda","AWS/Lambda","Duration","Average","2026-08-16T17:01:59.286Z","2026-08-16T17:03:00.529Z","60","FunctionName","research-serverless-compute","1","OK","E:\GKS Research\aws-ec2-vs-serverless-research\data\raw\formal\cloudwatch\lambda\SVL-W05-T01_Duration_Average.json"
"SVL-W05-T01","SVL","Lambda","AWS/Lambda","Errors","Sum","2026-08-16T17:01:59.286Z","2026-08-16T17:03:00.529Z","60","FunctionName","research-serverless-compute","1","OK","E:\GKS Research\aws-ec2-vs-serverless-research\data\raw\formal\cloudwatch\lambda\SVL-W05-T01_Errors_Sum.json"
"SVL-W05-T01","SVL","Lambda","AWS/Lambda","Throttles","Sum","2026-08-16T17:01:59.286Z","2026-08-16T17:03:00.529Z","60","FunctionName","research-serverless-compute","1","OK","E:\GKS Research\aws-ec2-vs-serverless-research\data\raw\formal\cloudwatch\lambda\SVL-W05-T01_Throttles_Sum.json"
"SVL-W05-T01","SVL","Lambda","AWS/Lambda","ConcurrentExecutions","Maximum","2026-08-16T17:01:59.286Z","2026-08-16T17:03:00.529Z","60","FunctionName","research-serverless-compute","1","OK","E:\GKS Research\aws-ec2-vs-serverless-research\data\raw\formal\cloudwatch\lambda\SVL-W05-T01_ConcurrentExecutions_Maximum.json"
"SVL-W05-T01","SVL","APIGateway","AWS/ApiGateway","Count","Sum","2026-08-16T17:01:59.286Z","2026-08-16T17:03:00.529Z","60","ApiId","os2vbs3gs0","1","OK","E:\GKS Research\aws-ec2-vs-serverless-research\data\raw\formal\cloudwatch\apigateway\SVL-W05-T01_Count_Sum.json"
"SVL-W05-T01","SVL","APIGateway","AWS/ApiGateway","4xx","Sum","2026-08-16T17:01:59.286Z","2026-08-16T17:03:00.529Z","60","ApiId","os2vbs3gs0","1","OK","E:\GKS Research\aws-ec2-vs-serverless-research\data\raw\formal\cloudwatch\apigateway\SVL-W05-T01_4xx_Sum.json"
"SVL-W05-T01","SVL","APIGateway","AWS/ApiGateway","5xx","Sum","2026-08-16T17:01:59.286Z","2026-08-16T17:03:00.529Z","60","ApiId","os2vbs3gs0","1","OK","E:\GKS Research\aws-ec2-vs-serverless-research\data\raw\formal\cloudwatch\apigateway\SVL-W05-T01_5xx_Sum.json"
"SVL-W05-T01","SVL","APIGateway","AWS/ApiGateway","Latency","Average","2026-08-16T17:01:59.286Z","2026-08-16T17:03:00.529Z","60","ApiId","os2vbs3gs0","1","OK","E:\GKS Research\aws-ec2-vs-serverless-research\data\raw\formal\cloudwatch\apigateway\SVL-W05-T01_Latency_Average.json"
"SVL-W05-T01","SVL","APIGateway","AWS/ApiGateway","IntegrationLatency","Average","2026-08-16T17:01:59.286Z","2026-08-16T17:03:00.529Z","60","ApiId","os2vbs3gs0","1","OK","E:\GKS Research\aws-ec2-vs-serverless-research\data\raw\formal\cloudwatch\apigateway\SVL-W05-T01_IntegrationLatency_Average.json"
"SVL-W05-T02","SVL","Lambda","AWS/Lambda","Invocations","Sum","2026-08-16T17:12:15.509Z","2026-08-16T17:13:16.623Z","60","FunctionName","research-serverless-compute","1","OK","E:\GKS Research\aws-ec2-vs-serverless-research\data\raw\formal\cloudwatch\lambda\SVL-W05-T02_Invocations_Sum.json"
"SVL-W05-T02","SVL","Lambda","AWS/Lambda","Duration","Average","2026-08-16T17:12:15.509Z","2026-08-16T17:13:16.623Z","60","FunctionName","research-serverless-compute","1","OK","E:\GKS Research\aws-ec2-vs-serverless-research\data\raw\formal\cloudwatch\lambda\SVL-W05-T02_Duration_Average.json"
"SVL-W05-T02","SVL","Lambda","AWS/Lambda","Errors","Sum","2026-08-16T17:12:15.509Z","2026-08-16T17:13:16.623Z","60","FunctionName","research-serverless-compute","1","OK","E:\GKS Research\aws-ec2-vs-serverless-research\data\raw\formal\cloudwatch\lambda\SVL-W05-T02_Errors_Sum.json"
"SVL-W05-T02","SVL","Lambda","AWS/Lambda","Throttles","Sum","2026-08-16T17:12:15.509Z","2026-08-16T17:13:16.623Z","60","FunctionName","research-serverless-compute","1","OK","E:\GKS Research\aws-ec2-vs-serverless-research\data\raw\formal\cloudwatch\lambda\SVL-W05-T02_Throttles_Sum.json"
"SVL-W05-T02","SVL","Lambda","AWS/Lambda","ConcurrentExecutions","Maximum","2026-08-16T17:12:15.509Z","2026-08-16T17:13:16.623Z","60","FunctionName","research-serverless-compute","1","OK","E:\GKS Research\aws-ec2-vs-serverless-research\data\raw\formal\cloudwatch\lambda\SVL-W05-T02_ConcurrentExecutions_Maximum.json"
"SVL-W05-T02","SVL","APIGateway","AWS/ApiGateway","Count","Sum","2026-08-16T17:12:15.509Z","2026-08-16T17:13:16.623Z","60","ApiId","os2vbs3gs0","1","OK","E:\GKS Research\aws-ec2-vs-serverless-research\data\raw\formal\cloudwatch\apigateway\SVL-W05-T02_Count_Sum.json"
"SVL-W05-T02","SVL","APIGateway","AWS/ApiGateway","4xx","Sum","2026-08-16T17:12:15.509Z","2026-08-16T17:13:16.623Z","60","ApiId","os2vbs3gs0","1","OK","E:\GKS Research\aws-ec2-vs-serverless-research\data\raw\formal\cloudwatch\apigateway\SVL-W05-T02_4xx_Sum.json"
"SVL-W05-T02","SVL","APIGateway","AWS/ApiGateway","5xx","Sum","2026-08-16T17:12:15.509Z","2026-08-16T17:13:16.623Z","60","ApiId","os2vbs3gs0","1","OK","E:\GKS Research\aws-ec2-vs-serverless-research\data\raw\formal\cloudwatch\apigateway\SVL-W05-T02_5xx_Sum.json"
"SVL-W05-T02","SVL","APIGateway","AWS/ApiGateway","Latency","Average","2026-08-16T17:12:15.509Z","2026-08-16T17:13:16.623Z","60","ApiId","os2vbs3gs0","1","OK","E:\GKS Research\aws-ec2-vs-serverless-research\data\raw\formal\cloudwatch\apigateway\SVL-W05-T02_Latency_Average.json"
"SVL-W05-T02","SVL","APIGateway","AWS/ApiGateway","IntegrationLatency","Average","2026-08-16T17:12:15.509Z","2026-08-16T17:13:16.623Z","60","ApiId","os2vbs3gs0","1","OK","E:\GKS Research\aws-ec2-vs-serverless-research\data\raw\formal\cloudwatch\apigateway\SVL-W05-T02_IntegrationLatency_Average.json"
"SVL-W05-T03","SVL","Lambda","AWS/Lambda","Invocations","Sum","2026-08-16T17:18:21.766Z","2026-08-16T17:19:22.871Z","60","FunctionName","research-serverless-compute","1","OK","E:\GKS Research\aws-ec2-vs-serverless-research\data\raw\formal\cloudwatch\lambda\SVL-W05-T03_Invocations_Sum.json"
"SVL-W05-T03","SVL","Lambda","AWS/Lambda","Duration","Average","2026-08-16T17:18:21.766Z","2026-08-16T17:19:22.871Z","60","FunctionName","research-serverless-compute","1","OK","E:\GKS Research\aws-ec2-vs-serverless-research\data\raw\formal\cloudwatch\lambda\SVL-W05-T03_Duration_Average.json"
"SVL-W05-T03","SVL","Lambda","AWS/Lambda","Errors","Sum","2026-08-16T17:18:21.766Z","2026-08-16T17:19:22.871Z","60","FunctionName","research-serverless-compute","1","OK","E:\GKS Research\aws-ec2-vs-serverless-research\data\raw\formal\cloudwatch\lambda\SVL-W05-T03_Errors_Sum.json"
"SVL-W05-T03","SVL","Lambda","AWS/Lambda","Throttles","Sum","2026-08-16T17:18:21.766Z","2026-08-16T17:19:22.871Z","60","FunctionName","research-serverless-compute","1","OK","E:\GKS Research\aws-ec2-vs-serverless-research\data\raw\formal\cloudwatch\lambda\SVL-W05-T03_Throttles_Sum.json"
"SVL-W05-T03","SVL","Lambda","AWS/Lambda","ConcurrentExecutions","Maximum","2026-08-16T17:18:21.766Z","2026-08-16T17:19:22.871Z","60","FunctionName","research-serverless-compute","1","OK","E:\GKS Research\aws-ec2-vs-serverless-research\data\raw\formal\cloudwatch\lambda\SVL-W05-T03_ConcurrentExecutions_Maximum.json"
"SVL-W05-T03","SVL","APIGateway","AWS/ApiGateway","Count","Sum","2026-08-16T17:18:21.766Z","2026-08-16T17:19:22.871Z","60","ApiId","os2vbs3gs0","1","OK","E:\GKS Research\aws-ec2-vs-serverless-research\data\raw\formal\cloudwatch\apigateway\SVL-W05-T03_Count_Sum.json"
"SVL-W05-T03","SVL","APIGateway","AWS/ApiGateway","4xx","Sum","2026-08-16T17:18:21.766Z","2026-08-16T17:19:22.871Z","60","ApiId","os2vbs3gs0","1","OK","E:\GKS Research\aws-ec2-vs-serverless-research\data\raw\formal\cloudwatch\apigateway\SVL-W05-T03_4xx_Sum.json"
"SVL-W05-T03","SVL","APIGateway","AWS/ApiGateway","5xx","Sum","2026-08-16T17:18:21.766Z","2026-08-16T17:19:22.871Z","60","ApiId","os2vbs3gs0","1","OK","E:\GKS Research\aws-ec2-vs-serverless-research\data\raw\formal\cloudwatch\apigateway\SVL-W05-T03_5xx_Sum.json"
"SVL-W05-T03","SVL","APIGateway","AWS/ApiGateway","Latency","Average","2026-08-16T17:18:21.766Z","2026-08-16T17:19:22.871Z","60","ApiId","os2vbs3gs0","1","OK","E:\GKS Research\aws-ec2-vs-serverless-research\data\raw\formal\cloudwatch\apigateway\SVL-W05-T03_Latency_Average.json"
"SVL-W05-T03","SVL","APIGateway","AWS/ApiGateway","IntegrationLatency","Average","2026-08-16T17:18:21.766Z","2026-08-16T17:19:22.871Z","60","ApiId","os2vbs3gs0","1","OK","E:\GKS Research\aws-ec2-vs-serverless-research\data\raw\formal\cloudwatch\apigateway\SVL-W05-T03_IntegrationLatency_Average.json"
"SVL-W06-T01","SVL","Lambda","AWS/Lambda","Invocations","Sum","2026-08-16T17:41:04.215Z","2026-08-16T17:46:05.133Z","60","FunctionName","research-serverless-compute","5","OK","E:\GKS Research\aws-ec2-vs-serverless-research\data\raw\formal\cloudwatch\lambda\SVL-W06-T01_Invocations_Sum.json"
"SVL-W06-T01","SVL","Lambda","AWS/Lambda","Duration","Average","2026-08-16T17:41:04.215Z","2026-08-16T17:46:05.133Z","60","FunctionName","research-serverless-compute","5","OK","E:\GKS Research\aws-ec2-vs-serverless-research\data\raw\formal\cloudwatch\lambda\SVL-W06-T01_Duration_Average.json"
"SVL-W06-T01","SVL","Lambda","AWS/Lambda","Errors","Sum","2026-08-16T17:41:04.215Z","2026-08-16T17:46:05.133Z","60","FunctionName","research-serverless-compute","5","OK","E:\GKS Research\aws-ec2-vs-serverless-research\data\raw\formal\cloudwatch\lambda\SVL-W06-T01_Errors_Sum.json"
"SVL-W06-T01","SVL","Lambda","AWS/Lambda","Throttles","Sum","2026-08-16T17:41:04.215Z","2026-08-16T17:46:05.133Z","60","FunctionName","research-serverless-compute","5","OK","E:\GKS Research\aws-ec2-vs-serverless-research\data\raw\formal\cloudwatch\lambda\SVL-W06-T01_Throttles_Sum.json"
"SVL-W06-T01","SVL","Lambda","AWS/Lambda","ConcurrentExecutions","Maximum","2026-08-16T17:41:04.215Z","2026-08-16T17:46:05.133Z","60","FunctionName","research-serverless-compute","5","OK","E:\GKS Research\aws-ec2-vs-serverless-research\data\raw\formal\cloudwatch\lambda\SVL-W06-T01_ConcurrentExecutions_Maximum.json"
"SVL-W06-T01","SVL","APIGateway","AWS/ApiGateway","Count","Sum","2026-08-16T17:41:04.215Z","2026-08-16T17:46:05.133Z","60","ApiId","os2vbs3gs0","5","OK","E:\GKS Research\aws-ec2-vs-serverless-research\data\raw\formal\cloudwatch\apigateway\SVL-W06-T01_Count_Sum.json"
"SVL-W06-T01","SVL","APIGateway","AWS/ApiGateway","4xx","Sum","2026-08-16T17:41:04.215Z","2026-08-16T17:46:05.133Z","60","ApiId","os2vbs3gs0","5","OK","E:\GKS Research\aws-ec2-vs-serverless-research\data\raw\formal\cloudwatch\apigateway\SVL-W06-T01_4xx_Sum.json"
"SVL-W06-T01","SVL","APIGateway","AWS/ApiGateway","5xx","Sum","2026-08-16T17:41:04.215Z","2026-08-16T17:46:05.133Z","60","ApiId","os2vbs3gs0","5","OK","E:\GKS Research\aws-ec2-vs-serverless-research\data\raw\formal\cloudwatch\apigateway\SVL-W06-T01_5xx_Sum.json"
"SVL-W06-T01","SVL","APIGateway","AWS/ApiGateway","Latency","Average","2026-08-16T17:41:04.215Z","2026-08-16T17:46:05.133Z","60","ApiId","os2vbs3gs0","5","OK","E:\GKS Research\aws-ec2-vs-serverless-research\data\raw\formal\cloudwatch\apigateway\SVL-W06-T01_Latency_Average.json"
"SVL-W06-T01","SVL","APIGateway","AWS/ApiGateway","IntegrationLatency","Average","2026-08-16T17:41:04.215Z","2026-08-16T17:46:05.133Z","60","ApiId","os2vbs3gs0","5","OK","E:\GKS Research\aws-ec2-vs-serverless-research\data\raw\formal\cloudwatch\apigateway\SVL-W06-T01_IntegrationLatency_Average.json"
"SVL-W06-T02","SVL","Lambda","AWS/Lambda","Invocations","Sum","2026-08-16T17:46:12.341Z","2026-08-16T17:53:50.660Z","60","FunctionName","research-serverless-compute","5","OK","E:\GKS Research\aws-ec2-vs-serverless-research\data\raw\formal\cloudwatch\lambda\SVL-W06-T02_Invocations_Sum.json"
"SVL-W06-T02","SVL","Lambda","AWS/Lambda","Duration","Average","2026-08-16T17:46:12.341Z","2026-08-16T17:53:50.660Z","60","FunctionName","research-serverless-compute","5","OK","E:\GKS Research\aws-ec2-vs-serverless-research\data\raw\formal\cloudwatch\lambda\SVL-W06-T02_Duration_Average.json"
"SVL-W06-T02","SVL","Lambda","AWS/Lambda","Errors","Sum","2026-08-16T17:46:12.341Z","2026-08-16T17:53:50.660Z","60","FunctionName","research-serverless-compute","5","OK","E:\GKS Research\aws-ec2-vs-serverless-research\data\raw\formal\cloudwatch\lambda\SVL-W06-T02_Errors_Sum.json"
"SVL-W06-T02","SVL","Lambda","AWS/Lambda","Throttles","Sum","2026-08-16T17:46:12.341Z","2026-08-16T17:53:50.660Z","60","FunctionName","research-serverless-compute","5","OK","E:\GKS Research\aws-ec2-vs-serverless-research\data\raw\formal\cloudwatch\lambda\SVL-W06-T02_Throttles_Sum.json"
"SVL-W06-T02","SVL","Lambda","AWS/Lambda","ConcurrentExecutions","Maximum","2026-08-16T17:46:12.341Z","2026-08-16T17:53:50.660Z","60","FunctionName","research-serverless-compute","5","OK","E:\GKS Research\aws-ec2-vs-serverless-research\data\raw\formal\cloudwatch\lambda\SVL-W06-T02_ConcurrentExecutions_Maximum.json"
"SVL-W06-T02","SVL","APIGateway","AWS/ApiGateway","Count","Sum","2026-08-16T17:46:12.341Z","2026-08-16T17:53:50.660Z","60","ApiId","os2vbs3gs0","5","OK","E:\GKS Research\aws-ec2-vs-serverless-research\data\raw\formal\cloudwatch\apigateway\SVL-W06-T02_Count_Sum.json"
"SVL-W06-T02","SVL","APIGateway","AWS/ApiGateway","4xx","Sum","2026-08-16T17:46:12.341Z","2026-08-16T17:53:50.660Z","60","ApiId","os2vbs3gs0","5","OK","E:\GKS Research\aws-ec2-vs-serverless-research\data\raw\formal\cloudwatch\apigateway\SVL-W06-T02_4xx_Sum.json"
"SVL-W06-T02","SVL","APIGateway","AWS/ApiGateway","5xx","Sum","2026-08-16T17:46:12.341Z","2026-08-16T17:53:50.660Z","60","ApiId","os2vbs3gs0","5","OK","E:\GKS Research\aws-ec2-vs-serverless-research\data\raw\formal\cloudwatch\apigateway\SVL-W06-T02_5xx_Sum.json"
"SVL-W06-T02","SVL","APIGateway","AWS/ApiGateway","Latency","Average","2026-08-16T17:46:12.341Z","2026-08-16T17:53:50.660Z","60","ApiId","os2vbs3gs0","5","OK","E:\GKS Research\aws-ec2-vs-serverless-research\data\raw\formal\cloudwatch\apigateway\SVL-W06-T02_Latency_Average.json"
"SVL-W06-T02","SVL","APIGateway","AWS/ApiGateway","IntegrationLatency","Average","2026-08-16T17:46:12.341Z","2026-08-16T17:53:50.660Z","60","ApiId","os2vbs3gs0","5","OK","E:\GKS Research\aws-ec2-vs-serverless-research\data\raw\formal\cloudwatch\apigateway\SVL-W06-T02_IntegrationLatency_Average.json"
"SVL-W06-T03","SVL","Lambda","AWS/Lambda","Invocations","Sum","2026-08-16T17:53:59.296Z","2026-08-16T17:59:00.592Z","60","FunctionName","research-serverless-compute","5","OK","E:\GKS Research\aws-ec2-vs-serverless-research\data\raw\formal\cloudwatch\lambda\SVL-W06-T03_Invocations_Sum.json"
"SVL-W06-T03","SVL","Lambda","AWS/Lambda","Duration","Average","2026-08-16T17:53:59.296Z","2026-08-16T17:59:00.592Z","60","FunctionName","research-serverless-compute","5","OK","E:\GKS Research\aws-ec2-vs-serverless-research\data\raw\formal\cloudwatch\lambda\SVL-W06-T03_Duration_Average.json"
"SVL-W06-T03","SVL","Lambda","AWS/Lambda","Errors","Sum","2026-08-16T17:53:59.296Z","2026-08-16T17:59:00.592Z","60","FunctionName","research-serverless-compute","5","OK","E:\GKS Research\aws-ec2-vs-serverless-research\data\raw\formal\cloudwatch\lambda\SVL-W06-T03_Errors_Sum.json"
"SVL-W06-T03","SVL","Lambda","AWS/Lambda","Throttles","Sum","2026-08-16T17:53:59.296Z","2026-08-16T17:59:00.592Z","60","FunctionName","research-serverless-compute","5","OK","E:\GKS Research\aws-ec2-vs-serverless-research\data\raw\formal\cloudwatch\lambda\SVL-W06-T03_Throttles_Sum.json"
"SVL-W06-T03","SVL","Lambda","AWS/Lambda","ConcurrentExecutions","Maximum","2026-08-16T17:53:59.296Z","2026-08-16T17:59:00.592Z","60","FunctionName","research-serverless-compute","5","OK","E:\GKS Research\aws-ec2-vs-serverless-research\data\raw\formal\cloudwatch\lambda\SVL-W06-T03_ConcurrentExecutions_Maximum.json"
"SVL-W06-T03","SVL","APIGateway","AWS/ApiGateway","Count","Sum","2026-08-16T17:53:59.296Z","2026-08-16T17:59:00.592Z","60","ApiId","os2vbs3gs0","5","OK","E:\GKS Research\aws-ec2-vs-serverless-research\data\raw\formal\cloudwatch\apigateway\SVL-W06-T03_Count_Sum.json"
"SVL-W06-T03","SVL","APIGateway","AWS/ApiGateway","4xx","Sum","2026-08-16T17:53:59.296Z","2026-08-16T17:59:00.592Z","60","ApiId","os2vbs3gs0","5","OK","E:\GKS Research\aws-ec2-vs-serverless-research\data\raw\formal\cloudwatch\apigateway\SVL-W06-T03_4xx_Sum.json"
"SVL-W06-T03","SVL","APIGateway","AWS/ApiGateway","5xx","Sum","2026-08-16T17:53:59.296Z","2026-08-16T17:59:00.592Z","60","ApiId","os2vbs3gs0","5","OK","E:\GKS Research\aws-ec2-vs-serverless-research\data\raw\formal\cloudwatch\apigateway\SVL-W06-T03_5xx_Sum.json"
"SVL-W06-T03","SVL","APIGateway","AWS/ApiGateway","Latency","Average","2026-08-16T17:53:59.296Z","2026-08-16T17:59:00.592Z","60","ApiId","os2vbs3gs0","5","OK","E:\GKS Research\aws-ec2-vs-serverless-research\data\raw\formal\cloudwatch\apigateway\SVL-W06-T03_Latency_Average.json"
"SVL-W06-T03","SVL","APIGateway","AWS/ApiGateway","IntegrationLatency","Average","2026-08-16T17:53:59.296Z","2026-08-16T17:59:00.592Z","60","ApiId","os2vbs3gs0","5","OK","E:\GKS Research\aws-ec2-vs-serverless-research\data\raw\formal\cloudwatch\apigateway\SVL-W06-T03_IntegrationLatency_Average.json"
