"experiment_id","architecture","workload_id","allocated_seconds","ec2_compute_cost_usd","ebs_gp3_cost_usd","public_ipv4_cost_usd","lambda_invocations","lambda_gb_seconds_estimated","lambda_request_cost_usd","lambda_compute_cost_usd","api_gateway_request_cost_usd","estimated_cost_usd","successful_requests","cost_per_1000_successful_requests_usd","actual_cost_usd"
"EC2-W01-T01","EC2","W01","60","0.000373333333","0.000016888889","0.000083333333","NOT_APPLICABLE","NOT_APPLICABLE","0.000000000000","0.000000000000","0.000000000000","0.000473555556","587","0.000806738595","NOT_DIRECTLY_ATTRIBUTABLE"
"EC2-W01-T02","EC2","W01","60","0.000373333333","0.000016888889","0.000083333333","NOT_APPLICABLE","NOT_APPLICABLE","0.000000000000","0.000000000000","0.000000000000","0.000473555556","592","0.000799924925","NOT_DIRECTLY_ATTRIBUTABLE"
"EC2-W01-T03","EC2","W01","60","0.000373333333","0.000016888889","0.000083333333","NOT_APPLICABLE","NOT_APPLICABLE","0.000000000000","0.000000000000","0.000000000000","0.000473555556","587","0.000806738595","NOT_DIRECTLY_ATTRIBUTABLE"
"EC2-W02-T01","EC2","W02","60","0.000373333333","0.000016888889","0.000083333333","NOT_APPLICABLE","NOT_APPLICABLE","0.000000000000","0.000000000000","0.000000000000","0.000473555556","1247","0.000379755859","NOT_DIRECTLY_ATTRIBUTABLE"
"EC2-W02-T02","EC2","W02","60","0.000373333333","0.000016888889","0.000083333333","NOT_APPLICABLE","NOT_APPLICABLE","0.000000000000","0.000000000000","0.000000000000","0.000473555556","1724","0.000274684197","NOT_DIRECTLY_ATTRIBUTABLE"
"EC2-W02-T03","EC2","W02","60","0.000373333333","0.000016888889","0.000083333333","NOT_APPLICABLE","NOT_APPLICABLE","0.000000000000","0.000000000000","0.000000000000","0.000473555556","1708","0.000277257351","NOT_DIRECTLY_ATTRIBUTABLE"
"EC2-W03-T01","EC2","W03","60","0.000373333333","0.000016888889","0.000083333333","NOT_APPLICABLE","NOT_APPLICABLE","0.000000000000","0.000000000000","0.000000000000","0.000473555556","2980","0.000158911260","NOT_DIRECTLY_ATTRIBUTABLE"
"EC2-W03-T02","EC2","W03","60","0.000373333333","0.000016888889","0.000083333333","NOT_APPLICABLE","NOT_APPLICABLE","0.000000000000","0.000000000000","0.000000000000","0.000473555556","2967","0.000159607535","NOT_DIRECTLY_ATTRIBUTABLE"
"EC2-W03-T03","EC2","W03","60","0.000373333333","0.000016888889","0.000083333333","NOT_APPLICABLE","NOT_APPLICABLE","0.000000000000","0.000000000000","0.000000000000","0.000473555556","1797","0.000263525629","NOT_DIRECTLY_ATTRIBUTABLE"
"EC2-W04-T01","EC2","W04","60","0.000373333333","0.000016888889","0.000083333333","NOT_APPLICABLE","NOT_APPLICABLE","0.000000000000","0.000000000000","0.000000000000","0.000473555556","3066","0.000154453867","NOT_DIRECTLY_ATTRIBUTABLE"
"EC2-W04-T02","EC2","W04","60","0.000373333333","0.000016888889","0.000083333333","NOT_APPLICABLE","NOT_APPLICABLE","0.000000000000","0.000000000000","0.000000000000","0.000473555556","3136","0.000151006236","NOT_DIRECTLY_ATTRIBUTABLE"
"EC2-W04-T03","EC2","W04","60","0.000373333333","0.000016888889","0.000083333333","NOT_APPLICABLE","NOT_APPLICABLE","0.000000000000","0.000000000000","0.000000000000","0.000473555556","3024","0.000156599059","NOT_DIRECTLY_ATTRIBUTABLE"
"EC2-W05-T01","EC2","W05","360","0.002240000000","0.000101333333","0.000500000000","NOT_APPLICABLE","NOT_APPLICABLE","0.000000000000","0.000000000000","0.000000000000","0.002841333333","3180","0.000893501048","NOT_DIRECTLY_ATTRIBUTABLE"
"EC2-W05-T02","EC2","W05","360","0.002240000000","0.000101333333","0.000500000000","NOT_APPLICABLE","NOT_APPLICABLE","0.000000000000","0.000000000000","0.000000000000","0.002841333333","3145","0.000903444621","NOT_DIRECTLY_ATTRIBUTABLE"
"EC2-W05-T03","EC2","W05","360","0.002240000000","0.000101333333","0.000500000000","NOT_APPLICABLE","NOT_APPLICABLE","0.000000000000","0.000000000000","0.000000000000","0.002841333333","1520","0.001869298246","NOT_DIRECTLY_ATTRIBUTABLE"
"EC2-W06-T01","EC2","W06","300","0.001866666667","0.000084444444","0.000416666667","NOT_APPLICABLE","NOT_APPLICABLE","0.000000000000","0.000000000000","0.000000000000","0.002367777778","9917","0.000238759481","NOT_DIRECTLY_ATTRIBUTABLE"
"EC2-W06-T02","EC2","W06","300","0.001866666667","0.000084444444","0.000416666667","NOT_APPLICABLE","NOT_APPLICABLE","0.000000000000","0.000000000000","0.000000000000","0.002367777778","6690","0.000353927919","NOT_DIRECTLY_ATTRIBUTABLE"
"EC2-W06-T03","EC2","W06","300","0.001866666667","0.000084444444","0.000416666667","NOT_APPLICABLE","NOT_APPLICABLE","0.000000000000","0.000000000000","0.000000000000","0.002367777778","2991","0.000791634162","NOT_DIRECTLY_ATTRIBUTABLE"
"SVL-W01-T01","SVL","W01","60","0.000000000000","0.000000000000","0.000000000000","525","12.266090025000","0.000105000000","0.000204435243","0.000551250000","0.000860685243","595","0.001446529820","NOT_DIRECTLY_ATTRIBUTABLE"
"SVL-W01-T02","SVL","W01","60","0.000000000000","0.000000000000","0.000000000000","530","12.584860070000","0.000106000000","0.000209748087","0.000556500000","0.000872248087","585","0.001491022372","NOT_DIRECTLY_ATTRIBUTABLE"
"SVL-W01-T03","SVL","W01","60","0.000000000000","0.000000000000","0.000000000000","540","13.256490240000","0.000108000000","0.000220941946","0.000567000000","0.000895941946","591","0.001515976220","NOT_DIRECTLY_ATTRIBUTABLE"
"SVL-W02-T01","SVL","W02","60","0.000000000000","0.000000000000","0.000000000000","768","19.507209984000","0.000153600000","0.000325120817","0.000806400000","0.001285120817","1754","0.000732680055","NOT_DIRECTLY_ATTRIBUTABLE"
"SVL-W02-T02","SVL","W02","60","0.000000000000","0.000000000000","0.000000000000","1536","39.596250624000","0.000307200000","0.000659938830","0.001617000000","0.002584138830","1443","0.001790810000","NOT_DIRECTLY_ATTRIBUTABLE"
"SVL-W02-T03","SVL","W02","60","0.000000000000","0.000000000000","0.000000000000","1366","35.693950186000","0.000273200000","0.000594900360","0.001435350000","0.002303450360","1705","0.001350997278","NOT_DIRECTLY_ATTRIBUTABLE"
"SVL-W03-T01","SVL","W03","60","0.000000000000","0.000000000000","0.000000000000","1210","32.214249870000","0.000242000000","0.000536905238","0.001409100000","0.002188005238","2223","0.000984257867","NOT_DIRECTLY_ATTRIBUTABLE"
"SVL-W03-T02","SVL","W03","60","0.000000000000","0.000000000000","0.000000000000","2313","60.553669230000","0.000462600000","0.001009229839","0.002524200000","0.003996029839","3442","0.001160961603","NOT_DIRECTLY_ATTRIBUTABLE"
"SVL-W03-T03","SVL","W03","60","0.000000000000","0.000000000000","0.000000000000","2595","68.186170695000","0.000519000000","0.001136438451","0.002742600000","0.004398038451","1369","0.003212592002","NOT_DIRECTLY_ATTRIBUTABLE"
"SVL-W04-T01","SVL","W04","60","0.000000000000","0.000000000000","0.000000000000","3123","80.793740142000","0.000624600000","0.001346565029","0.003300150000","0.005271315029","3643","0.001446970911","NOT_DIRECTLY_ATTRIBUTABLE"
"SVL-W04-T02","SVL","W04","60","0.000000000000","0.000000000000","0.000000000000","3067","79.714439938000","0.000613400000","0.001328576656","0.003234000000","0.005175976656","3352","0.001544145780","NOT_DIRECTLY_ATTRIBUTABLE"
"SVL-W04-T03","SVL","W04","60","0.000000000000","0.000000000000","0.000000000000","2922","75.396178992000","0.000584400000","0.001256605496","0.003081750000","0.004922755496","3522","0.001397715927","NOT_DIRECTLY_ATTRIBUTABLE"
"SVL-W05-T01","SVL","W05","360","0.000000000000","0.000000000000","0.000000000000","3113","80.273290449000","0.000622600000","0.001337890850","0.003329550000","0.005290040850","3135","0.001687413349","NOT_DIRECTLY_ATTRIBUTABLE"
"SVL-W05-T02","SVL","W05","360","0.000000000000","0.000000000000","0.000000000000","2386","62.053229306000","0.000477200000","0.001034222557","0.002524200000","0.004035622557","3420","0.001180006596","NOT_DIRECTLY_ATTRIBUTABLE"
"SVL-W05-T03","SVL","W05","360","0.000000000000","0.000000000000","0.000000000000","2073","53.495910555000","0.000414600000","0.000891600292","0.002191350000","0.003497550292","3415","0.001024172853","NOT_DIRECTLY_ATTRIBUTABLE"
"SVL-W06-T01","SVL","W06","300","0.000000000000","0.000000000000","0.000000000000","6584","168.655829592000","0.001316800000","0.002810936115","0.006952050000","0.011079786115","6719","0.001649023086","NOT_DIRECTLY_ATTRIBUTABLE"
"SVL-W06-T02","SVL","W06","300","0.000000000000","0.000000000000","0.000000000000","5926","150.974681234000","0.001185200000","0.002516249720","0.006365100000","0.010066549720","5759","0.001747968349","NOT_DIRECTLY_ATTRIBUTABLE"
"SVL-W06-T03","SVL","W06","300","0.000000000000","0.000000000000","0.000000000000","8796","225.412699488000","0.001759200000","0.003756885839","0.009330300000","0.014846385839","8837","0.001680025556","NOT_DIRECTLY_ATTRIBUTABLE"
