artifact_type,path,sha256,formal_only
SOURCE_DATA,data\processed\formal\formal-summary-by-workload-architecture.csv,155551295b0623e300a80754da966f2c5c1e1f84f8d5aba37d61f480f5da3ef1,YES
SOURCE_DATA,data\final\experiments.csv,68ccabe59041ff5f0dae7e8b2bc8c1a764019d9e65d1ce5a22f0ba84624a4777,YES
FIGURE,docs\figures\figure_01_research_architecture.png,0449c41f270173b26bd43867193d7f21bbc0d6b5f4c3beb5f0f9f140ece7c7a8,YES
FIGURE,docs\figures\figure_01_research_architecture.pdf,2b87856146200a988d4fff054411626c4991ad9c8cd55cfa01a6235801ce974b,YES
FIGURE,docs\figures\figure_02_average_latency.png,d8cde83f4cc259dc6f443912a4a665df7317b19567dfb4c3480d42d9e9fe18b1,YES
FIGURE,docs\figures\figure_02_average_latency.pdf,f2a4f2776e5330a21a13889ac6dc00c1d8ade4fec10078a88a40d801c897fbc1,YES
FIGURE,docs\figures\figure_03_p95_latency.png,eede1be9582f35dca880366c3c18c45ac2272b712b485e5f228e1326b99f315f,YES
FIGURE,docs\figures\figure_03_p95_latency.pdf,b818ee4affc765d938227c73593c67a0fcf25db4c49f5b9d649e18089af2fb5f,YES
FIGURE,docs\figures\figure_04_throughput.png,12b06e15fac8da8460680429ab71ac916723891736a4a889ec8e4fe2366b44b5,YES
FIGURE,docs\figures\figure_04_throughput.pdf,8f1ccbe3236c2c453c408ecc10d4181aaa9baea5ef4ff0c2bfcb498c894170dd,YES
FIGURE,docs\figures\figure_05_failure_rate.png,54a1f95d8363f36a189b23984d46f336ed0fe451a4338deb825e9804bb9ecf78,YES
FIGURE,docs\figures\figure_05_failure_rate.pdf,878c9af3fa5fef8badce95976795e8c7334b4e02e956b75b0936973909c9ec30,YES
FIGURE,docs\figures\figure_06_cost_per_1000.png,fab64480dc04c078e11087728942c3318b3d3bb6065f2980f29a4db6be4207cf,YES
FIGURE,docs\figures\figure_06_cost_per_1000.pdf,8e22ae8dbdf41c6188f667e4f16cc2326638a1730a73f24ee0e67d807a28da51,YES
FIGURE,docs\figures\figure_07_resource_behavior.png,b6da84d61b2c06b7d256e7b2243f9d4e02056ffdb6b7bddf8dfb819ea5e6251b,YES
FIGURE,docs\figures\figure_07_resource_behavior.pdf,a415ac0568d048367c45c09862802c92bea77ae91ba580fa38938884a300cf30,YES
