"relative_path","sha256","size_bytes","last_write_utc"
"data\raw\formal\ec2\EC2-W01-T01_console.log","fe6bea599d55c8a8f42b6bfb085d85c7f8c94a8c4c072b67ead429251187bd53","2431","2026-08-16T15:43:52.050Z"
"data\raw\formal\ec2\EC2-W01-T01_exceptions.csv","50e001907ccff3338f25a2c46417065abf1a828feb0bcf1a8e01d039eb762bf2","32","2026-08-16T15:42:52.693Z"
"data\raw\formal\ec2\EC2-W01-T01_failures.csv","a0f766d126247d27179b2ab30fd2156f5f16130ff67b761a23011a8a32b3934c","53","2026-08-16T15:42:52.693Z"
"data\raw\formal\ec2\EC2-W01-T01_stats.csv","638f870dbf7fa63b71ec55a00bd107642a78c170960e7d7863d646b85c237e19","515","2026-08-16T15:43:51.130Z"
"data\raw\formal\ec2\EC2-W01-T01_stats_history.csv","c21cbb7716058e362a68d78c38d8e5e8b12df79c252aec7c2fd80fe71f0694a9","18944","2026-08-16T15:43:51.952Z"
"data\raw\formal\ec2\EC2-W01-T02_console.log","4086ce7a5216796d7ecaee3b93cbdcf4c9dda63487ec676e8d76fc9f3e91715d","2431","2026-08-16T15:44:55.983Z"
"data\raw\formal\ec2\EC2-W01-T02_exceptions.csv","50e001907ccff3338f25a2c46417065abf1a828feb0bcf1a8e01d039eb762bf2","32","2026-08-16T15:43:56.476Z"
"data\raw\formal\ec2\EC2-W01-T02_failures.csv","a0f766d126247d27179b2ab30fd2156f5f16130ff67b761a23011a8a32b3934c","53","2026-08-16T15:43:56.476Z"
"data\raw\formal\ec2\EC2-W01-T02_stats.csv","f1c2b9f9c5e7cc30dcf5689aae7dd23d8ac8879c85840254cc43931d3204364f","517","2026-08-16T15:44:54.954Z"
"data\raw\formal\ec2\EC2-W01-T02_stats_history.csv","94d2034980a867c471acbe39ddeb18611d706400994c84ce73da545b547ae6bb","19058","2026-08-16T15:44:55.886Z"
"data\raw\formal\ec2\EC2-W01-T03_console.log","fd0b8f010f20f09801c7d1d52ddcf0306e0b97c793928c4ad35173dd886d8f6d","2431","2026-08-16T15:45:59.639Z"
"data\raw\formal\ec2\EC2-W01-T03_exceptions.csv","50e001907ccff3338f25a2c46417065abf1a828feb0bcf1a8e01d039eb762bf2","32","2026-08-16T15:45:00.106Z"
"data\raw\formal\ec2\EC2-W01-T03_failures.csv","a0f766d126247d27179b2ab30fd2156f5f16130ff67b761a23011a8a32b3934c","53","2026-08-16T15:45:00.106Z"
"data\raw\formal\ec2\EC2-W01-T03_stats.csv","31b1704df9e9ab7db1b0499cf9a37d9d98e9eb57cb3c96786a0e84984385d6d7","517","2026-08-16T15:45:58.548Z"
"data\raw\formal\ec2\EC2-W01-T03_stats_history.csv","fe8882bf27b9f7bb962e8613c8eabf798549e87a2110075eccbcdbcd27c97a8c","19122","2026-08-16T15:45:59.551Z"
"data\raw\formal\ec2\EC2-W02-T01_console.log","3a4372282480ba5ed586eb75690ff757fa9a9dcd7f059e20bf1c3d37ab700883","2434","2026-08-16T16:07:17.805Z"
"data\raw\formal\ec2\EC2-W02-T01_exceptions.csv","50e001907ccff3338f25a2c46417065abf1a828feb0bcf1a8e01d039eb762bf2","32","2026-08-16T16:06:18.140Z"
"data\raw\formal\ec2\EC2-W02-T01_failures.csv","a0f766d126247d27179b2ab30fd2156f5f16130ff67b761a23011a8a32b3934c","53","2026-08-16T16:06:18.140Z"
"data\raw\formal\ec2\EC2-W02-T01_stats.csv","54085c81019c03fcecbf953c4efda8c413452bdc03bcc6541c5496f70f324b47","531","2026-08-16T16:07:16.714Z"
"data\raw\formal\ec2\EC2-W02-T01_stats_history.csv","21d576a5d3087c861b6168f67663e46b458277819e940d94c5bb7b98507befe2","19750","2026-08-16T16:07:17.711Z"
"data\raw\formal\ec2\EC2-W02-T02_console.log","18c6710132dda7a1d9ac49b8cf6ce42e76415ffc10391b9303167c4b7fc7b859","2434","2026-08-16T16:08:22.022Z"
"data\raw\formal\ec2\EC2-W02-T02_exceptions.csv","50e001907ccff3338f25a2c46417065abf1a828feb0bcf1a8e01d039eb762bf2","32","2026-08-16T16:07:22.546Z"
"data\raw\formal\ec2\EC2-W02-T02_failures.csv","a0f766d126247d27179b2ab30fd2156f5f16130ff67b761a23011a8a32b3934c","53","2026-08-16T16:07:22.546Z"
"data\raw\formal\ec2\EC2-W02-T02_stats.csv","dde9f591d168995afc6391c433448b09e01c2780f466b821964a495fb18c2072","517","2026-08-16T16:08:20.971Z"
"data\raw\formal\ec2\EC2-W02-T02_stats_history.csv","2fa3e70ac7ee73474024fc96283a0bd99c7f635a31a561b0085d49d5e33f2bab","19130","2026-08-16T16:08:21.927Z"
"data\raw\formal\ec2\EC2-W02-T03_console.log","1018dec783e1e68c7068a27f5e442eec5dd0e179cd07721d62e398e3801113e2","2434","2026-08-16T16:09:26.906Z"
"data\raw\formal\ec2\EC2-W02-T03_exceptions.csv","50e001907ccff3338f25a2c46417065abf1a828feb0bcf1a8e01d039eb762bf2","32","2026-08-16T16:08:27.534Z"
"data\raw\formal\ec2\EC2-W02-T03_failures.csv","a0f766d126247d27179b2ab30fd2156f5f16130ff67b761a23011a8a32b3934c","53","2026-08-16T16:08:27.534Z"
"data\raw\formal\ec2\EC2-W02-T03_stats.csv","503b3d5fbbe011a45ef545a0446c3973332f937137c3b24f4bf01a4a362908fc","519","2026-08-16T16:09:25.938Z"
"data\raw\formal\ec2\EC2-W02-T03_stats_history.csv","ddb17f4a581a9310256ea55c0aa09202cc5399d5734d5e142c44b62d6ba2523f","19192","2026-08-16T16:09:26.824Z"
"data\raw\formal\ec2\EC2-W03-T01_console.log","b79911b418cf202e52ffe3976f6108f3c440dd609d6fa1b145fb8018c55b8edc","2434","2026-08-16T16:15:17.226Z"
"data\raw\formal\ec2\EC2-W03-T01_exceptions.csv","50e001907ccff3338f25a2c46417065abf1a828feb0bcf1a8e01d039eb762bf2","32","2026-08-16T16:14:17.999Z"
"data\raw\formal\ec2\EC2-W03-T01_failures.csv","a0f766d126247d27179b2ab30fd2156f5f16130ff67b761a23011a8a32b3934c","53","2026-08-16T16:14:17.999Z"
"data\raw\formal\ec2\EC2-W03-T01_stats.csv","b22f05dfb5d2b140913f0a2a03b3fa5dddae5185da49f4dbf8bea7f1d02695e1","517","2026-08-16T16:15:16.398Z"
"data\raw\formal\ec2\EC2-W03-T01_stats_history.csv","2a70151442ec638b01f23bf590ce31721ed1a016947723f74077009351a6f7a7","19242","2026-08-16T16:15:17.140Z"
"data\raw\formal\ec2\EC2-W03-T02_console.log","e697e3861138c8ccc994fc84c677ff103674505f57c7f1c8104c4dac26af65c8","2434","2026-08-16T16:16:20.047Z"
"data\raw\formal\ec2\EC2-W03-T02_exceptions.csv","50e001907ccff3338f25a2c46417065abf1a828feb0bcf1a8e01d039eb762bf2","32","2026-08-16T16:15:20.350Z"
"data\raw\formal\ec2\EC2-W03-T02_failures.csv","a0f766d126247d27179b2ab30fd2156f5f16130ff67b761a23011a8a32b3934c","53","2026-08-16T16:15:20.350Z"
"data\raw\formal\ec2\EC2-W03-T02_stats.csv","86e8b3413489a093ebe8a40e18a32380dc324b004ba72f42f4482265fc70e0b0","521","2026-08-16T16:16:19.738Z"
"data\raw\formal\ec2\EC2-W03-T02_stats_history.csv","965e2515762428267183e16a61af9e85a804b6a3f52ee2b3bf2bfd1e66b31918","19587","2026-08-16T16:16:19.979Z"
"data\raw\formal\ec2\EC2-W03-T03_console.log","c90b1a5e8e247a45ce20c9401df3a724a29dd5226d8c4e68f834ba816c7dfdad","2434","2026-08-16T16:17:22.719Z"
"data\raw\formal\ec2\EC2-W03-T03_exceptions.csv","50e001907ccff3338f25a2c46417065abf1a828feb0bcf1a8e01d039eb762bf2","32","2026-08-16T16:16:23.040Z"
"data\raw\formal\ec2\EC2-W03-T03_failures.csv","a0f766d126247d27179b2ab30fd2156f5f16130ff67b761a23011a8a32b3934c","53","2026-08-16T16:16:23.040Z"
"data\raw\formal\ec2\EC2-W03-T03_stats.csv","5d83444bf105a81714b9234c8ade812d814972caea6d0624d8b2ba6b782e7438","533","2026-08-16T16:17:22.634Z"
"data\raw\formal\ec2\EC2-W03-T03_stats_history.csv","dd112faa4cf48b65ebc5a9541c69e5c95ec2c2235113da0e991291792fe3aa6a","20461","2026-08-16T16:17:22.652Z"
"data\raw\formal\ec2\EC2-W04-T01_console.log","36555824ea1da22ad372448c163ed8737af1eae7e9aebe86a13551670d3b95a0","2435","2026-08-16T16:29:56.094Z"
"data\raw\formal\ec2\EC2-W04-T01_exceptions.csv","50e001907ccff3338f25a2c46417065abf1a828feb0bcf1a8e01d039eb762bf2","32","2026-08-16T16:28:56.538Z"
"data\raw\formal\ec2\EC2-W04-T01_failures.csv","a0f766d126247d27179b2ab30fd2156f5f16130ff67b761a23011a8a32b3934c","53","2026-08-16T16:28:56.538Z"
"data\raw\formal\ec2\EC2-W04-T01_stats.csv","2c3cbc78c861ceec2cc3e12ed99cafba7248b90a0f76b07a65932ed09469e36e","517","2026-08-16T16:29:55.936Z"
"data\raw\formal\ec2\EC2-W04-T01_stats_history.csv","f1eb95b1ef595e7bacc45dcf5c89132e4d142c5cfb5cf6091fe2c4667f027dd8","19523","2026-08-16T16:29:56.025Z"
"data\raw\formal\ec2\EC2-W04-T02_console.log","043008ea36b7349de95adffa9c0eea9f55f16e0fe3981ddc66f9539b99368267","2435","2026-08-16T16:30:59.358Z"
"data\raw\formal\ec2\EC2-W04-T02_exceptions.csv","50e001907ccff3338f25a2c46417065abf1a828feb0bcf1a8e01d039eb762bf2","32","2026-08-16T16:29:59.730Z"
"data\raw\formal\ec2\EC2-W04-T02_failures.csv","a0f766d126247d27179b2ab30fd2156f5f16130ff67b761a23011a8a32b3934c","53","2026-08-16T16:29:59.730Z"
"data\raw\formal\ec2\EC2-W04-T02_stats.csv","83d1ed75df36f254b4e49776bbcde64128c0c743c6e6f1160b0da84c89714cb0","513","2026-08-16T16:30:59.131Z"
"data\raw\formal\ec2\EC2-W04-T02_stats_history.csv","83b0b4b00b8f1cbc1e09e2038b1d25254c643b7337cb64cb00f5170c4fd9cab9","19513","2026-08-16T16:30:59.286Z"
"data\raw\formal\ec2\EC2-W04-T03_console.log","b84db36283300f83bd6bbc0871add99c0fa4b70ed94321f9ce0072cf4af68e54","2435","2026-08-16T16:32:02.750Z"
"data\raw\formal\ec2\EC2-W04-T03_exceptions.csv","50e001907ccff3338f25a2c46417065abf1a828feb0bcf1a8e01d039eb762bf2","32","2026-08-16T16:31:03.141Z"
"data\raw\formal\ec2\EC2-W04-T03_failures.csv","a0f766d126247d27179b2ab30fd2156f5f16130ff67b761a23011a8a32b3934c","53","2026-08-16T16:31:03.141Z"
"data\raw\formal\ec2\EC2-W04-T03_stats.csv","af410b2d4162ae11aa5ef0245f61e07c78e44895d423286d013a3f952eca2d90","523","2026-08-16T16:32:02.588Z"
"data\raw\formal\ec2\EC2-W04-T03_stats_history.csv","9547fa469416419991b055d4b6fb0aa7604100f3f89263011b36817a4ad631f9","19717","2026-08-16T16:32:02.676Z"
"data\raw\formal\ec2\EC2-W05-T01_console.log","f4b913ac4a6f8ff5ad4fc30b1965e37d69445fb66d6d7558923768d623ed654f","2435","2026-08-16T16:44:46.480Z"
"data\raw\formal\ec2\EC2-W05-T01_exceptions.csv","50e001907ccff3338f25a2c46417065abf1a828feb0bcf1a8e01d039eb762bf2","32","2026-08-16T16:43:46.879Z"
"data\raw\formal\ec2\EC2-W05-T01_failures.csv","a0f766d126247d27179b2ab30fd2156f5f16130ff67b761a23011a8a32b3934c","53","2026-08-16T16:43:46.879Z"
"data\raw\formal\ec2\EC2-W05-T01_stats.csv","b41e4eb07f3d05ccffd2324e0fc0735f5cf16ae8f1547d5f64b9c7073253f381","517","2026-08-16T16:44:46.242Z"
"data\raw\formal\ec2\EC2-W05-T01_stats_history.csv","0301dc813fb22deb01bcea1261836a2ad8e1851bfe3c00ccc4831fb0c5bf8380","19541","2026-08-16T16:44:46.393Z"
"data\raw\formal\ec2\EC2-W05-T02_console.log","c8c6f7a32d1de1571dcfe053c68a7df3275beead02bc7c9793fc205a066b3533","2435","2026-08-16T16:50:50.297Z"
"data\raw\formal\ec2\EC2-W05-T02_exceptions.csv","50e001907ccff3338f25a2c46417065abf1a828feb0bcf1a8e01d039eb762bf2","32","2026-08-16T16:49:50.703Z"
"data\raw\formal\ec2\EC2-W05-T02_failures.csv","a0f766d126247d27179b2ab30fd2156f5f16130ff67b761a23011a8a32b3934c","53","2026-08-16T16:49:50.703Z"
"data\raw\formal\ec2\EC2-W05-T02_stats.csv","0ee60643e477d300783adeb57fea52cb6e0f6d9176542ef14a1cd100d08d1070","517","2026-08-16T16:50:50.110Z"
"data\raw\formal\ec2\EC2-W05-T02_stats_history.csv","bcd7753ba4b44a0060d5b4a8eee97655406f94cc4bed953118e54ac251855302","19589","2026-08-16T16:50:50.204Z"
"data\raw\formal\ec2\EC2-W05-T03_console.log","88e1b012ca975b999632f9d1696008a5a4a822184163e02c7588d6a3a5906061","2435","2026-08-16T16:56:54.231Z"
"data\raw\formal\ec2\EC2-W05-T03_exceptions.csv","50e001907ccff3338f25a2c46417065abf1a828feb0bcf1a8e01d039eb762bf2","32","2026-08-16T16:55:54.585Z"
"data\raw\formal\ec2\EC2-W05-T03_failures.csv","a0f766d126247d27179b2ab30fd2156f5f16130ff67b761a23011a8a32b3934c","53","2026-08-16T16:55:54.585Z"
"data\raw\formal\ec2\EC2-W05-T03_stats.csv","494d0944b086a5913526738c1b5d51d80fdba7c66e8c16bb5d21e00e02b03d4d","533","2026-08-16T16:56:54.049Z"
"data\raw\formal\ec2\EC2-W05-T03_stats_history.csv","1e8498136dc43e76ac23970233b53d9a4d38e99b0a2e76b9fa9b8f21196d9909","10611","2026-08-16T16:56:54.154Z"
"data\raw\formal\ec2\EC2-W06-T01_console.log","a84069a29517a4e921d261b5b060948854958248cc8cab3e8873f4457a3482a0","2435","2026-08-16T17:27:43.945Z"
"data\raw\formal\ec2\EC2-W06-T01_exceptions.csv","50e001907ccff3338f25a2c46417065abf1a828feb0bcf1a8e01d039eb762bf2","32","2026-08-16T17:22:44.357Z"
"data\raw\formal\ec2\EC2-W06-T01_failures.csv","a0f766d126247d27179b2ab30fd2156f5f16130ff67b761a23011a8a32b3934c","53","2026-08-16T17:22:44.357Z"
"data\raw\formal\ec2\EC2-W06-T01_stats.csv","c512b0c6bbb705bace873c9650dad3d3b1d663857641cefa80ec66221397c25e","523","2026-08-16T17:27:42.836Z"
"data\raw\formal\ec2\EC2-W06-T01_stats_history.csv","308f29aba73f9237ad95a94303da55f15360da13e36a2f67e31322735c476922","96757","2026-08-16T17:27:42.836Z"
"data\raw\formal\ec2\EC2-W06-T02_console.log","ec691dbce1c1b5044331b0f34fa859d0c2ea87c23def42e4903033cba9ad21a2","3061","2026-08-16T17:32:48.494Z"
"data\raw\formal\ec2\EC2-W06-T02_exceptions.csv","50e001907ccff3338f25a2c46417065abf1a828feb0bcf1a8e01d039eb762bf2","32","2026-08-16T17:27:49.013Z"
"data\raw\formal\ec2\EC2-W06-T02_failures.csv","dc5b01b0602be7b43a4ca438bf648710ad283e113cf61c446269509a734ef4a9","142","2026-08-16T17:32:47.667Z"
"data\raw\formal\ec2\EC2-W06-T02_stats.csv","79014d56825f3ad458c0940922d76a10a4afd7b4f7d2d5c45e8c5611829182a0","593","2026-08-16T17:32:47.667Z"
"data\raw\formal\ec2\EC2-W06-T02_stats_history.csv","1bbaecd258761e493d2dff66633f2a07d82dd91ca8fb3ee5c8cb25d48111db35","68394","2026-08-16T17:32:48.358Z"
"data\raw\formal\ec2\EC2-W06-T03_console.log","b02644675886da1b90e9025540a64e124b034cb03a43d5c0a0579b0b5c4ecbb7","3061","2026-08-16T17:40:55.376Z"
"data\raw\formal\ec2\EC2-W06-T03_exceptions.csv","50e001907ccff3338f25a2c46417065abf1a828feb0bcf1a8e01d039eb762bf2","32","2026-08-16T17:32:53.488Z"
"data\raw\formal\ec2\EC2-W06-T03_failures.csv","37c9440795368270e9fcbe8cf349c2578429dc3d950e3f6c0c3eb406053de077","141","2026-08-16T17:40:54.836Z"
"data\raw\formal\ec2\EC2-W06-T03_stats.csv","ef115e8649ac48c7e9d66412e769724b854156684ffc9d1419c900baf83fb3aa","607","2026-08-16T17:40:54.836Z"
"data\raw\formal\ec2\EC2-W06-T03_stats_history.csv","c616112e70a220c22842b9749a56abe6dded7ce7786000c8e45fb7d29db31817","43934","2026-08-16T17:40:54.872Z"
"data\raw\formal\metadata\EC2-W01-T01_metadata.csv","286cf638f2cdf481855f69d8de5133522d9df14141a6c9ef1a9c42ba6af1a0d2","732","2026-08-16T15:43:52.201Z"
"data\raw\formal\metadata\EC2-W01-T02_metadata.csv","c9b53be40278f56ec65e531f16db58a940b6764f786d67bc726d62f88d3b66e8","732","2026-08-16T15:44:56.071Z"
"data\raw\formal\metadata\EC2-W01-T03_metadata.csv","39f64504dfa194519310acdf04c78b1eca8b75053a39e7494b47e1670714e1b7","732","2026-08-16T15:45:59.710Z"
"data\raw\formal\metadata\EC2-W02-T01_metadata.csv","0835e2ec4f84d53dcc8263e04c75d7b577ea235aefbeaf882eace4c5e7798ec5","735","2026-08-16T16:07:17.871Z"
"data\raw\formal\metadata\EC2-W02-T02_metadata.csv","48d47a9e768960cd3df6d76c641703a08303eb7b96365428883965ba93953f60","735","2026-08-16T16:08:22.105Z"
"data\raw\formal\metadata\EC2-W02-T03_metadata.csv","324ccbb3480ffaa4a375e9440ca5bdd9467c708d001e5d608d39bbe04e7a415e","735","2026-08-16T16:09:26.971Z"
"data\raw\formal\metadata\EC2-W03-T01_metadata.csv","bbeffd6557531c31090fc29937c4d7622d6157b0deae9fc8a0f16c1d52528c02","735","2026-08-16T16:15:17.320Z"
"data\raw\formal\metadata\EC2-W03-T02_metadata.csv","341fd3b0703032ef04dbee4991be6b06f2689553eea4c9103cb5b97d311cd263","735","2026-08-16T16:16:20.089Z"
"data\raw\formal\metadata\EC2-W03-T03_metadata.csv","03feefabf6153cd4f5578ea49070b2aa2ea8cd8a65e6ac9f889cc69e97473e6c","735","2026-08-16T16:17:22.779Z"
"data\raw\formal\metadata\EC2-W04-T01_metadata.csv","db7fd37792c4abd87be4e6d8b8425e60b2eaafdd3918300474f83cba79c72561","736","2026-08-16T16:29:56.145Z"
"data\raw\formal\metadata\EC2-W04-T02_metadata.csv","e60541059505d8ae2b39e66476ee42323e6e1ef2d528b7cb93fe96d2497f1004","736","2026-08-16T16:30:59.426Z"
"data\raw\formal\metadata\EC2-W04-T03_metadata.csv","b0bc90e9514d9d5cb8d2f5f2a42f9291b8ac879172dc146acedbc990c71b48b0","736","2026-08-16T16:32:02.793Z"
"data\raw\formal\metadata\EC2-W05-T01_metadata.csv","7f34a511f8b534c42372d78b74aad25643e1807a8991cc3c97586e2c48cee709","810","2026-08-16T16:44:46.534Z"
"data\raw\formal\metadata\EC2-W05-T02_metadata.csv","f9e03ece8bf5a2ecd9c4afd7ae7e16d4f3a477e302c882968801c239d21db08d","810","2026-08-16T16:50:50.374Z"
"data\raw\formal\metadata\EC2-W05-T03_metadata.csv","9af7823835f86ab6dfc9aa00b6c5df1402eef75b387fc7f6aafbd4c03b3de000","810","2026-08-16T16:56:54.292Z"
"data\raw\formal\metadata\EC2-W06-T01_metadata.csv","c8ccd931df8bae7d312de43e192c0e561076ce95e6193417368258ef2ad93c15","736","2026-08-16T17:27:44.049Z"
"data\raw\formal\metadata\EC2-W06-T02_metadata.csv","23c717573055120085703acefab46b4b897b3b793abf56dc62f767c2ecbac024","737","2026-08-16T17:32:48.561Z"
"data\raw\formal\metadata\EC2-W06-T03_metadata.csv","8001a9ba07dfccb348adace668bafea71927ad5ea3ffdb03f78ac4edf0c506d8","736","2026-08-16T17:40:55.502Z"
"data\raw\formal\metadata\SVL-W01-T01_metadata.csv","8833d0c01ceff66660ab38e920e8d002f504af9180669ca8173a27352ef3c6f0","732","2026-08-16T15:47:06.334Z"
"data\raw\formal\metadata\SVL-W01-T02_metadata.csv","d3a1c2eb4a08c873ae2d2aa14594414910225dcdedd298edfb5ebee9cad3ef5b","732","2026-08-16T15:48:12.345Z"
"data\raw\formal\metadata\SVL-W01-T03_metadata.csv","553d883c9f8cec1e4899695570412fe3fad11c9b0d0134ee3b90507c0a2ee11d","732","2026-08-16T15:49:17.855Z"
"data\raw\formal\metadata\SVL-W02-T01_metadata.csv","949e0f57f1c43ea7210004d2556de2f8b5a4b88088ec4b1a6581198a28f4220f","735","2026-08-16T16:10:32.090Z"
"data\raw\formal\metadata\SVL-W02-T02_metadata.csv","fcbbe34852118c92dbddcaa44d9a213867701183d9d978e1b1fde0165345ad1b","735","2026-08-16T16:11:36.255Z"
"data\raw\formal\metadata\SVL-W02-T03_metadata.csv","3be2e7a67caf9cbe9807a06dd39683652ebdb96bcd7f4863014eead2b3262ba8","735","2026-08-16T16:12:40.706Z"
"data\raw\formal\metadata\SVL-W03-T01_metadata.csv","2551ca30a4e4a6747cb7e45e52590d9cf228737c572b734ff32e594c7f0f44fe","737","2026-08-16T16:18:28.435Z"
"data\raw\formal\metadata\SVL-W03-T02_metadata.csv","16557bd28491135b93295db15a98f94b89b66595e5ef93d1c1b4b3a4b07610c3","736","2026-08-16T16:19:35.063Z"
"data\raw\formal\metadata\SVL-W03-T03_metadata.csv","c219546a218d72afc4021de525736cf68abf8492d31dc381ff2e7079227a1b02","736","2026-08-16T16:20:57.633Z"
"data\raw\formal\metadata\SVL-W04-T01_metadata.csv","b042f1344828d78e1da0a2f51faf99322ef4c21e2534869a74cc37f4479712f1","737","2026-08-16T16:33:08.064Z"
"data\raw\formal\metadata\SVL-W04-T02_metadata.csv","f0d47d4ad2280702059da96b6c91f01cefa7fe3d003841cd3a8f1d8238419b07","737","2026-08-16T16:34:13.062Z"
"data\raw\formal\metadata\SVL-W04-T03_metadata.csv","f116b7194bf3606d51a509b8a4cf5ec9c7fbc5dc12ef96f60bd9ee3107dc2a2a","737","2026-08-16T16:35:22.987Z"
"data\raw\formal\metadata\SVL-W05-T01_metadata.csv","b0248855fe7d748c657d8e3b3401d23c26a662f83951883583875fffd1217f4d","811","2026-08-16T17:03:00.629Z"
"data\raw\formal\metadata\SVL-W05-T02_metadata.csv","ac80e1c45c996d3d54c3906664acd3cf887967f36820faeec4a4871efeda3ae2","811","2026-08-16T17:13:16.713Z"
"data\raw\formal\metadata\SVL-W05-T03_metadata.csv","a375e687b458bc2ef2dbc931f1d9005223f159378bad19c914dc0686a37d031b","811","2026-08-16T17:19:22.963Z"
"data\raw\formal\metadata\SVL-W06-T01_metadata.csv","c0814e7960124510b586761fc7ee73055feab460f99ff4f20bf61ae66577d3b0","737","2026-08-16T17:46:05.219Z"
"data\raw\formal\metadata\SVL-W06-T02_metadata.csv","f88c87f51e5b8f54eb8aec0335ae2c5846ccb2e0cbc9ec1416c253328ecda34d","738","2026-08-16T17:53:50.785Z"
"data\raw\formal\metadata\SVL-W06-T03_metadata.csv","a15356b151369eacf0657d49302bc120302946c2fad154f34249176ea621300f","737","2026-08-16T17:59:00.708Z"
"data\raw\formal\serverless\SVL-W01-T01_console.log","6cc71443b6f7c160913f35846d6873d66299bee994dd16f5f50b557dcf647b3b","2431","2026-08-16T15:47:06.245Z"
"data\raw\formal\serverless\SVL-W01-T01_exceptions.csv","50e001907ccff3338f25a2c46417065abf1a828feb0bcf1a8e01d039eb762bf2","32","2026-08-16T15:46:06.630Z"
"data\raw\formal\serverless\SVL-W01-T01_failures.csv","a0f766d126247d27179b2ab30fd2156f5f16130ff67b761a23011a8a32b3934c","53","2026-08-16T15:46:06.630Z"
"data\raw\formal\serverless\SVL-W01-T01_stats.csv","5da77683448b1fd56ca6ef923e3fc922914ca41bb0f8b662701685d3615ab47f","519","2026-08-16T15:47:06.081Z"
"data\raw\formal\serverless\SVL-W01-T01_stats_history.csv","be4fdb35d4d8c48b07f433027bcfc9c2592dd9fe823d10b2f5fc45fd8f9ae790","19419","2026-08-16T15:47:06.101Z"
"data\raw\formal\serverless\SVL-W01-T02_console.log","965995244887beffaddd66734011a208765cb0dd411aedff7308fdbcbdb59e06","2431","2026-08-16T15:48:12.242Z"
"data\raw\formal\serverless\SVL-W01-T02_exceptions.csv","50e001907ccff3338f25a2c46417065abf1a828feb0bcf1a8e01d039eb762bf2","32","2026-08-16T15:47:12.683Z"
"data\raw\formal\serverless\SVL-W01-T02_failures.csv","a0f766d126247d27179b2ab30fd2156f5f16130ff67b761a23011a8a32b3934c","53","2026-08-16T15:47:12.683Z"
"data\raw\formal\serverless\SVL-W01-T02_stats.csv","2781fc80a84702ffcff4ac0b3aa0c38db75efd200fbc4f9b4540e28dc672131c","515","2026-08-16T15:48:11.161Z"
"data\raw\formal\serverless\SVL-W01-T02_stats_history.csv","1f00fe566acebd6b5412878a5bad5c5485923430ed93e251a381fdc346381c4e","19098","2026-08-16T15:48:12.048Z"
"data\raw\formal\serverless\SVL-W01-T03_console.log","afb0cf758ec9f48e884f23642db8fe20b90d6d2c3d83932dcf11744a016c944a","2431","2026-08-16T15:49:17.772Z"
"data\raw\formal\serverless\SVL-W01-T03_exceptions.csv","50e001907ccff3338f25a2c46417065abf1a828feb0bcf1a8e01d039eb762bf2","32","2026-08-16T15:48:18.184Z"
"data\raw\formal\serverless\SVL-W01-T03_failures.csv","a0f766d126247d27179b2ab30fd2156f5f16130ff67b761a23011a8a32b3934c","53","2026-08-16T15:48:18.184Z"
"data\raw\formal\serverless\SVL-W01-T03_stats.csv","4b6305b3e540e2b3db3452ac621b8f1692844b64001adec8a39375fbf9c8209f","521","2026-08-16T15:49:16.708Z"
"data\raw\formal\serverless\SVL-W01-T03_stats_history.csv","e2be421311d9c91afe782f6842adce8da4bd28aa224434b19bfd062069cf5210","19224","2026-08-16T15:49:17.628Z"
"data\raw\formal\serverless\SVL-W02-T01_console.log","bdea331df5d0809dc2dfd7149f797323273ffa1679baaa01ec8002def5746c18","2434","2026-08-16T16:10:32.037Z"
"data\raw\formal\serverless\SVL-W02-T01_exceptions.csv","50e001907ccff3338f25a2c46417065abf1a828feb0bcf1a8e01d039eb762bf2","32","2026-08-16T16:09:32.381Z"
"data\raw\formal\serverless\SVL-W02-T01_failures.csv","a0f766d126247d27179b2ab30fd2156f5f16130ff67b761a23011a8a32b3934c","53","2026-08-16T16:09:32.381Z"
"data\raw\formal\serverless\SVL-W02-T01_stats.csv","69ac3589c5bb29dec2f78670f73f36f343cd2cb7a79db8bb900011c4f72826e3","521","2026-08-16T16:10:31.787Z"
"data\raw\formal\serverless\SVL-W02-T01_stats_history.csv","60ae773998f3fbaa8f67d1ce98209e7efffa3e894bbe5c22446d39116a0e42b7","19607","2026-08-16T16:10:31.968Z"
"data\raw\formal\serverless\SVL-W02-T02_console.log","2c2941935ce529356f182dc55179719d40013e9aeb1b675e82bd0739ac20bf59","3060","2026-08-16T16:11:36.188Z"
"data\raw\formal\serverless\SVL-W02-T02_exceptions.csv","50e001907ccff3338f25a2c46417065abf1a828feb0bcf1a8e01d039eb762bf2","32","2026-08-16T16:10:36.507Z"
"data\raw\formal\serverless\SVL-W02-T02_failures.csv","ae60f2edb70df60d919f38beb796895f8fd7ac70b1607d9b9125679fdd26b044","143","2026-08-16T16:11:36.001Z"
"data\raw\formal\serverless\SVL-W02-T02_stats.csv","d4ee1d4c53fde80ff9cf019a807cdc1c4b66544ce316b1282d5cd34c996b003d","589","2026-08-16T16:11:36.001Z"
"data\raw\formal\serverless\SVL-W02-T02_stats_history.csv","07625f379f3ca10b718e58fa4900b91f34b61fcf77e60f7cc92042076ee16373","21035","2026-08-16T16:11:36.114Z"
"data\raw\formal\serverless\SVL-W02-T03_console.log","51d4d63b69ee9f5ca29d7eb8b03f7430c22825ed29b2b1fc32cfd5d7aa82b9f6","2434","2026-08-16T16:12:40.659Z"
"data\raw\formal\serverless\SVL-W02-T03_exceptions.csv","50e001907ccff3338f25a2c46417065abf1a828feb0bcf1a8e01d039eb762bf2","32","2026-08-16T16:11:40.963Z"
"data\raw\formal\serverless\SVL-W02-T03_failures.csv","a0f766d126247d27179b2ab30fd2156f5f16130ff67b761a23011a8a32b3934c","53","2026-08-16T16:11:40.963Z"
"data\raw\formal\serverless\SVL-W02-T03_stats.csv","5c0f79b75fbcab09dde6260543466e30e57f63ea359770f21ee02a1e1f1157b9","529","2026-08-16T16:12:40.356Z"
"data\raw\formal\serverless\SVL-W02-T03_stats_history.csv","3469e73870d2e836ce4287b2593f924eda6e66c2cb2a1c37a5844c10d8d42df4","19800","2026-08-16T16:12:40.576Z"
"data\raw\formal\serverless\SVL-W03-T01_console.log","df1b2770c027986bc2bae957dca772a6f24cecb10159d3222148b8c31efea77b","3060","2026-08-16T16:18:28.391Z"
"data\raw\formal\serverless\SVL-W03-T01_exceptions.csv","50e001907ccff3338f25a2c46417065abf1a828feb0bcf1a8e01d039eb762bf2","32","2026-08-16T16:17:28.689Z"
"data\raw\formal\serverless\SVL-W03-T01_failures.csv","a8c0dba45b88fb96dc9eb4f8e56b5d15b5070ca6c4a4a86e0a3b7fe012ff63c1","145","2026-08-16T16:18:28.234Z"
"data\raw\formal\serverless\SVL-W03-T01_stats.csv","7cee86c7508bc7d6722138a2e04b9c2675448ace828abd1cd5fa13a58257797d","587","2026-08-16T16:18:28.234Z"
"data\raw\formal\serverless\SVL-W03-T01_stats_history.csv","b69c7cec082cd720189aa35eb0697fc08aed2bc96519934e9bf8ae460a6c3f78","21224","2026-08-16T16:18:28.315Z"
"data\raw\formal\serverless\SVL-W03-T02_console.log","92142e611beb1fc9d86f97816be7fe9e53b759ba81c855cb4387846c9ade60bf","3060","2026-08-16T16:19:34.994Z"
"data\raw\formal\serverless\SVL-W03-T02_exceptions.csv","50e001907ccff3338f25a2c46417065abf1a828feb0bcf1a8e01d039eb762bf2","32","2026-08-16T16:18:35.193Z"
"data\raw\formal\serverless\SVL-W03-T02_failures.csv","a524f9a1fe2842cd85d5c83a36a460b24818b61d5aaa629513fe50739e215e9d","144","2026-08-16T16:19:34.900Z"
"data\raw\formal\serverless\SVL-W03-T02_stats.csv","b95b6000eac59135a0b6be45495ffcde60d0a06d3511f812b1c0fa920fa1a6b6","585","2026-08-16T16:19:34.900Z"
"data\raw\formal\serverless\SVL-W03-T02_stats_history.csv","6e14ccb9646ae12e69cb2bcba9e5af1bbe43e1ff41ea6c9fa05ea9ff8b36dab8","21065","2026-08-16T16:19:34.909Z"
"data\raw\formal\serverless\SVL-W03-T03_console.log","7896703afce8516aa3d284d16009992e39df5e9768a3e56214ef2383a1f9db97","3181","2026-08-16T16:20:57.519Z"
"data\raw\formal\serverless\SVL-W03-T03_exceptions.csv","50e001907ccff3338f25a2c46417065abf1a828feb0bcf1a8e01d039eb762bf2","32","2026-08-16T16:19:49.137Z"
"data\raw\formal\serverless\SVL-W03-T03_failures.csv","e7a1fcb72a8b7d9b0e113f79e93a63dee587b67c05e99775f35ab43f4dff659e","233","2026-08-16T16:20:56.305Z"
"data\raw\formal\serverless\SVL-W03-T03_stats.csv","cb6d1e342ad6dc5a923935f3d63854f04ed3b25c5ba901042bcb9fb0c80955dd","591","2026-08-16T16:20:56.305Z"
"data\raw\formal\serverless\SVL-W03-T03_stats_history.csv","18e6f1f0a45c5255d00a32ecf76e2321369321c031b82073f6a45b6f6b652ed4","9405","2026-08-16T16:20:56.305Z"
"data\raw\formal\serverless\SVL-W04-T01_console.log","6ddebfd25bc330afda8a9a666b3afc81463c0fdea24f1773074be65867743620","3061","2026-08-16T16:33:07.991Z"
"data\raw\formal\serverless\SVL-W04-T01_exceptions.csv","50e001907ccff3338f25a2c46417065abf1a828feb0bcf1a8e01d039eb762bf2","32","2026-08-16T16:32:08.285Z"
"data\raw\formal\serverless\SVL-W04-T01_failures.csv","79b2e13717d542ed45b9b97990b21e14ee47ca2b4ac6daa7c0e67a735f937a8c","144","2026-08-16T16:33:07.655Z"
"data\raw\formal\serverless\SVL-W04-T01_stats.csv","1f94d1629cdcdaa8db43a23e32cf71063d63e95f9e715c5ab5bd8caec5346050","583","2026-08-16T16:33:07.655Z"
"data\raw\formal\serverless\SVL-W04-T01_stats_history.csv","930b4f9d6f20c077d25fe3ea5f3be619c36b4241c4cd13bd70734a900ee7d49e","21239","2026-08-16T16:33:07.895Z"
"data\raw\formal\serverless\SVL-W04-T02_console.log","21b43d165f3eb60d9d965d7e39425a2c59474beaa70049e070bb995b819dd04e","3061","2026-08-16T16:34:13.005Z"
"data\raw\formal\serverless\SVL-W04-T02_exceptions.csv","50e001907ccff3338f25a2c46417065abf1a828feb0bcf1a8e01d039eb762bf2","32","2026-08-16T16:33:13.398Z"
"data\raw\formal\serverless\SVL-W04-T02_failures.csv","28cf241c270a7ce304156242cd3e8cd3b19aea059a13edff42d31055a5386413","144","2026-08-16T16:34:12.922Z"
"data\raw\formal\serverless\SVL-W04-T02_stats.csv","23dd3c1b272dbcf5b92f9e7990026b0f27eb28717455f4b64d6ba90224d49047","579","2026-08-16T16:34:12.922Z"
"data\raw\formal\serverless\SVL-W04-T02_stats_history.csv","57c850fcf561f206eb3e16c0b5e28a4d38262c5a02adef9843c41399a5b5d659","21249","2026-08-16T16:34:12.922Z"
"data\raw\formal\serverless\SVL-W04-T03_console.log","e60f3ecf403c8415308fc9edc1f62530ce1ffcb35e9c58ae903db1c7836a74de","3061","2026-08-16T16:35:22.885Z"
"data\raw\formal\serverless\SVL-W04-T03_exceptions.csv","50e001907ccff3338f25a2c46417065abf1a828feb0bcf1a8e01d039eb762bf2","32","2026-08-16T16:34:23.161Z"
"data\raw\formal\serverless\SVL-W04-T03_failures.csv","75fb991ff0ca77e98aff5946838649585f8d781b1e338f0d75dc279678b67a77","144","2026-08-16T16:35:22.554Z"
"data\raw\formal\serverless\SVL-W04-T03_stats.csv","2199c3a9fd642294087d7dfe74db537f86c9c63c74f447e83b8b559aa3f0fa36","579","2026-08-16T16:35:22.554Z"
"data\raw\formal\serverless\SVL-W04-T03_stats_history.csv","54ce770a6b0ea1165a0251a1988bbaa799ab5b4e4adfbf0d84c1976773f9ffb1","21177","2026-08-16T16:35:22.769Z"
"data\raw\formal\serverless\SVL-W05-T01_console.log","b1f82ed5005d45a92a522eb060b520a13f096883462b98bb401a208778744155","3061","2026-08-16T17:03:00.533Z"
"data\raw\formal\serverless\SVL-W05-T01_exceptions.csv","50e001907ccff3338f25a2c46417065abf1a828feb0bcf1a8e01d039eb762bf2","32","2026-08-16T17:02:00.994Z"
"data\raw\formal\serverless\SVL-W05-T01_failures.csv","16ac47e62164a2f1c0660ec7969210cf21de97efe8f0f85e3a82c5c0f97295de","144","2026-08-16T17:02:59.436Z"
"data\raw\formal\serverless\SVL-W05-T01_stats.csv","c5696be800dc2cefaf267416e076959343fe61a2e487bfba3ed3f9e9e5b114c1","577","2026-08-16T17:02:59.433Z"
"data\raw\formal\serverless\SVL-W05-T01_stats_history.csv","c6f9d9cb5fb797c633e8dfc6b42f3069e3619a072bc57af93492c8c38d20c7c3","21014","2026-08-16T17:03:00.362Z"
"data\raw\formal\serverless\SVL-W05-T02_console.log","9f7e4cf6d1dfae70db817ddd9e545de1c39155cc813b8170a7a35ff9696ac7e7","3061","2026-08-16T17:13:16.623Z"
"data\raw\formal\serverless\SVL-W05-T02_exceptions.csv","50e001907ccff3338f25a2c46417065abf1a828feb0bcf1a8e01d039eb762bf2","32","2026-08-16T17:12:17.201Z"
"data\raw\formal\serverless\SVL-W05-T02_failures.csv","094f9b57404088b28d58da43a2e788c23491bb36d42a5ac04aff5b76121e4f15","144","2026-08-16T17:13:15.698Z"
"data\raw\formal\serverless\SVL-W05-T02_stats.csv","341195829c25436b1f6548218bb525d10426e83dee6b6aa4b0b160f030f7fbd1","583","2026-08-16T17:13:15.697Z"
"data\raw\formal\serverless\SVL-W05-T02_stats_history.csv","37a7a30d52fb8b686bcef2382bc6daf6d0c623c153354e9b63d1a687017c4b37","21100","2026-08-16T17:13:16.516Z"
"data\raw\formal\serverless\SVL-W05-T03_console.log","090967757ac0bea2cadd2521f8c30d354ece805837b2a79886fa50c6fc7185ac","3061","2026-08-16T17:19:22.883Z"
"data\raw\formal\serverless\SVL-W05-T03_exceptions.csv","50e001907ccff3338f25a2c46417065abf1a828feb0bcf1a8e01d039eb762bf2","32","2026-08-16T17:18:23.344Z"
"data\raw\formal\serverless\SVL-W05-T03_failures.csv","b3341273da1b31c23e10fd9faa3cb359ec8addf4488431d22ed3aba48e7d8d4a","144","2026-08-16T17:19:21.823Z"
"data\raw\formal\serverless\SVL-W05-T03_stats.csv","6a799c96d37fbb741c73766f105eda4987f98f9aaf79267d496c17f00613471d","581","2026-08-16T17:19:21.823Z"
"data\raw\formal\serverless\SVL-W05-T03_stats_history.csv","75fdc2a7df284f19dca1e7219f00fea28753fd50f93d288143a2b65417dece81","20842","2026-08-16T17:19:22.761Z"
"data\raw\formal\serverless\SVL-W06-T01_console.log","6f255945aa04f3ea915943e70ef1cfe6f65b56685045710b9c221d75d5c56ee7","3061","2026-08-16T17:46:05.133Z"
"data\raw\formal\serverless\SVL-W06-T01_exceptions.csv","50e001907ccff3338f25a2c46417065abf1a828feb0bcf1a8e01d039eb762bf2","32","2026-08-16T17:41:05.679Z"
"data\raw\formal\serverless\SVL-W06-T01_failures.csv","6823c98ea958e92460195d9209e5d7ade81ae598c85985d0c9d00a6dc3750384","144","2026-08-16T17:46:04.439Z"
"data\raw\formal\serverless\SVL-W06-T01_stats.csv","9f7ea1365100d9f7ab06ec3337b4cf24022acc15ff0d314d9a25cb8956cc5ea5","589","2026-08-16T17:46:04.437Z"
"data\raw\formal\serverless\SVL-W06-T01_stats_history.csv","c4fa47f02fa90cf4ad6e4d6fdae2019d0c72add04ff0e16262fb7590e7040296","106578","2026-08-16T17:46:05.021Z"
"data\raw\formal\serverless\SVL-W06-T02_console.log","2f5c0da10d1925e2635f229f3fd4f01e104c18e91b293f9d5ead5fe642286592","3182","2026-08-16T17:53:50.675Z"
"data\raw\formal\serverless\SVL-W06-T02_exceptions.csv","50e001907ccff3338f25a2c46417065abf1a828feb0bcf1a8e01d039eb762bf2","32","2026-08-16T17:46:13.790Z"
"data\raw\formal\serverless\SVL-W06-T02_failures.csv","469c7023065f6cc3638635224c3ef8218592bd9f9e29e9e64227b099a17a7f51","234","2026-08-16T17:53:49.424Z"
"data\raw\formal\serverless\SVL-W06-T02_stats.csv","9c90ceae0ee334d818a002473f158ae1ed51bf366d0955f51762440d65fa0846","603","2026-08-16T17:53:49.422Z"
"data\raw\formal\serverless\SVL-W06-T02_stats_history.csv","9addc099de9599ae60a72d00ca0e6859ff0958c15e9677b4ea60309f70a75dc4","82381","2026-08-16T17:53:49.424Z"
"data\raw\formal\serverless\SVL-W06-T03_console.log","4ea7213cffe3c51c2f08aa2a8fa27b8512a782eddc4feaec1ef2731ce5f97bb4","3061","2026-08-16T17:59:00.594Z"
"data\raw\formal\serverless\SVL-W06-T03_exceptions.csv","50e001907ccff3338f25a2c46417065abf1a828feb0bcf1a8e01d039eb762bf2","32","2026-08-16T17:54:01.367Z"
"data\raw\formal\serverless\SVL-W06-T03_failures.csv","fe8a3d2ffa1c26fa3daf27f5efd44595dbaff79c8943901af4beac5176b07c29","144","2026-08-16T17:59:00.076Z"
"data\raw\formal\serverless\SVL-W06-T03_stats.csv","3ceb54a4f7932c7db1b02f4577e00ab91a46d5e23d418aa7075fdf7bc10a9de0","589","2026-08-16T17:59:00.069Z"
"data\raw\formal\serverless\SVL-W06-T03_stats_history.csv","05f7aade2a33b9f2195b636e58c4117a266e86e89546bdb7ed8bc73d9636718d","104184","2026-08-16T17:59:00.409Z"
