"workload_id","workload_type","architecture_code","architecture","n_trials","mean_avg_latency_ms","mean_trial_median_latency_ms","median_trial_median_latency_ms","mean_p95_latency_ms","mean_p99_latency_ms","mean_throughput_rps","mean_failure_rate_percent","mean_estimated_cost_usd","mean_cost_per_1000_successful_requests_usd","sd_avg_latency_ms","sd_p95_latency_ms","sd_p99_latency_ms","sd_throughput_rps","sd_failure_rate_percent","sd_cost_per_1000_usd","min_avg_latency_ms","max_avg_latency_ms","min_p95_latency_ms","max_p95_latency_ms","min_p99_latency_ms","max_p99_latency_ms","min_throughput_rps","max_throughput_rps","min_failure_rate_percent","max_failure_rate_percent","min_cost_per_1000_usd","max_cost_per_1000_usd","cv_avg_latency_percent","cv_throughput_percent","cv_cost_per_1000_percent","total_successful_requests","total_failed_requests"
"W01","Low","EC2","EC2","3","123.194037","106.666667","110.000000","196.666667","390.000000","10.095568","0.000000","0.000473555556","0.000804467372","2.988196","25.166115","62.449980","0.061563","0.000000","0.000003933874","119.786687","125.368657","170.000000","220.000000","320.000000","440.000000","10.055258","10.166431","0.000000","0.000000","0.000799924925","0.000806738595","2.425601","0.609802","0.489004","1766","0"
"W01","Low","SVL","Serverless","3","126.042880","120.000000","120.000000","163.333333","363.333333","10.050308","0.000000","0.000876291759","0.001484509471","3.183938","25.166115","85.049005","0.052142","0.000000","0.000035178318","123.731278","129.674531","140.000000","190.000000","300.000000","460.000000","10.010640","10.109367","0.000000","0.000000","0.001446529820","0.001515976220","2.526075","0.518806","2.369693","1771","0"
"W02","Moderate","EC2","EC2","3","200.086528","123.333333","120.000000","730.000000","1326.666667","26.699897","0.000000","0.000473555556","0.000310565802","109.503942","840.773453","1535.881940","4.654974","0.000000","0.000059934158","134.254599","326.494370","210.000000","1700.000000","420.000000","3100.000000","21.326765","29.512425","0.000000","0.000000","0.000274684197","0.000379755859","54.728293","17.434425","19.298376","4679","0"
"W02","Moderate","SVL","Serverless","3","174.434898","126.666667","130.000000","426.666667","733.333333","27.589940","0.115101","0.002057570002","0.001291495778","53.987484","297.713509","495.714972","2.704999","0.199361","0.000531568497","138.620279","236.530818","240.000000","770.000000","380.000000","1300.000000","24.502098","29.541218","0.000000","0.345304","0.000732680055","0.001790810000","30.949933","9.804293","41.159135","4902","5"
"W03","High","EC2","EC2","3","341.517631","276.666667","210.000000","720.000000","1380.000000","43.724311","0.000000","0.000473555556","0.000194014808","220.691577","675.795827","1495.225735","11.763924","0.000000","0.000060199143","208.217242","596.258300","310.000000","1500.000000","390.000000","3100.000000","30.154025","51.034251","0.000000","0.000000","0.000158911260","0.000263525629","64.620844","26.904767","31.028118","7744","0"
"W03","High","SVL","Serverless","3","325.817901","133.333333","130.000000","570.000000","1276.666667","40.002653","4.086002","0.003527357843","0.001785937157","181.157211","547.448628","1046.247262","18.546828","4.286136","0.001238674326","135.961455","496.797637","210.000000","1200.000000","330.000000","2400.000000","20.982509","58.036833","0.663781","8.893443","0.000984257867","0.003212592002","55.600755","46.363995","69.357106","7034","278"
"W04","Sudden-Burst","EC2","EC2","3","225.004130","203.333333","200.000000","400.000000","563.333333","51.777926","0.000000","0.000473555556","0.000154019721","10.434437","55.677644","89.628864","0.970902","0.000000","0.000002821574","214.377464","235.235079","340.000000","450.000000","460.000000","620.000000","50.883450","52.810471","0.000000","0.000000","0.000151006236","0.000156599059","4.637442","1.875126","1.831956","9226","0"
"W04","Sudden-Burst","SVL","Serverless","3","152.767653","123.333333","120.000000","300.000000","513.333333","59.262764","0.434284","0.005123349060","0.001462944206","20.630616","147.309199","15.275252","2.578994","0.117727","0.000074510302","134.472822","175.128573","130.000000","390.000000","500.000000","530.000000","56.565400","61.704324","0.311350","0.546001","0.001397715927","0.001544145780","13.504571","4.351796","5.093175","10517","46"
"W05","Idle-to-Burst","EC2","EC2","3","290.489035","203.333333","200.000000","396.666667","723.333333","44.036465","0.000000","0.002841333333","0.001222081305","142.042506","210.792157","419.563265","15.983954","0.000000","0.000560528363","205.962815","454.479554","270.000000","640.000000","410.000000","1200.000000","25.583483","53.582928","0.000000","0.000000","0.000893501048","0.001869298246","48.897717","36.297088","45.866700","7845","0"
"W05","Idle-to-Burst","SVL","Serverless","3","168.635149","133.333333","130.000000","340.000000","676.666667","57.392561","0.916105","0.004274404566","0.001297197599","22.096967","121.243557","110.604400","2.330748","0.781870","0.000346802952","155.736776","194.150009","270.000000","480.000000","560.000000","780.000000","54.703099","58.823797","0.408282","1.816474","0.001024172853","0.001687413349","13.103417","4.061063","26.734782","9970","90"
"W06","Sustained","EC2","EC2","3","572.171933","186.666667","180.000000","996.666667","2373.333333","20.640949","0.110348","0.002367777778","0.000461440521","449.460000","782.325593","2363.077090","13.588885","0.095574","0.000291696457","236.717622","1082.852577","540.000000","1900.000000","920.000000","5100.000000","6.240688","33.238500","0.000000","0.166889","0.000238759481","0.000791634162","78.553311","65.834592","63.214313","19598","16"
"W06","Sustained","SVL","Serverless","3","544.825553","200.000000","160.000000","1566.666667","4233.333333","21.837007","1.353780","0.011997573891","0.001692338997","250.628038","503.322296","1193.035345","8.487570","1.023653","0.000050608862","307.474178","806.898092","1100.000000","2100.000000","2900.000000","5200.000000","12.970044","29.885952","0.547661","2.505502","0.001649023086","0.001747968349","46.001520","38.867829","2.990468","21315","275"
