"experiment_id","workload_id","workload_type","architecture_code","architecture","trial_number","avg_latency_ms","median_latency_ms","p95_latency_ms","p99_latency_ms","requests_per_second","failure_rate_percent","successful_requests","failed_requests","estimated_cost_usd","cost_per_1000_successful_requests_usd"
"EC2-W01-T01","W01","Low","EC2","EC2","1","125.368657","110","220","410","10.065014","0","587","0","0.000473555556","0.000806738595"
"EC2-W01-T02","W01","Low","EC2","EC2","2","119.786687","110","170","320","10.166431","0","592","0","0.000473555556","0.000799924925"
"EC2-W01-T03","W01","Low","EC2","EC2","3","124.426768","100","200","440","10.055258","0","587","0","0.000473555556","0.000806738595"
"EC2-W02-T01","W02","Moderate","EC2","EC2","1","326.49437","130","1700","3100","21.326765","0","1247","0","0.000473555556","0.000379755859"
"EC2-W02-T02","W02","Moderate","EC2","EC2","2","134.254599","120","210","460","29.512425","0","1724","0","0.000473555556","0.000274684197"
"EC2-W02-T03","W02","Moderate","EC2","EC2","3","139.510615","120","280","420","29.260502","0","1708","0","0.000473555556","0.000277257351"
"EC2-W03-T01","W03","High","EC2","EC2","1","208.217242","200","310","390","51.034251","0","2980","0","0.000473555556","0.000158911260"
"EC2-W03-T02","W03","High","EC2","EC2","2","220.07735","210","350","650","49.984656","0","2967","0","0.000473555556","0.000159607535"
"EC2-W03-T03","W03","High","EC2","EC2","3","596.2583","420","1500","3100","30.154025","0","1797","0","0.000473555556","0.000263525629"
"EC2-W04-T01","W04","Sudden-Burst","EC2","EC2","1","225.399847","200","410","620","51.639856","0","3066","0","0.000473555556","0.000154453867"
"EC2-W04-T02","W04","Sudden-Burst","EC2","EC2","2","214.377464","200","340","460","52.810471","0","3136","0","0.000473555556","0.000151006236"
"EC2-W04-T03","W04","Sudden-Burst","EC2","EC2","3","235.235079","210","450","610","50.88345","0","3024","0","0.000473555556","0.000156599059"
"EC2-W05-T01","W05","Idle-to-Burst","EC2","EC2","1","205.962815","200","270","410","53.582928","0","3180","0","0.002841333333","0.000893501048"
"EC2-W05-T02","W05","Idle-to-Burst","EC2","EC2","2","211.024736","200","280","560","52.942985","0","3145","0","0.002841333333","0.000903444621"
"EC2-W05-T03","W05","Idle-to-Burst","EC2","EC2","3","454.479554","210","640","1200","25.583483","0","1520","0","0.002841333333","0.001869298246"
"EC2-W06-T01","W06","Sustained","EC2","EC2","1","236.717622","170","550","920","33.2385","0","9917","0","0.002367777778","0.000238759481"
"EC2-W06-T02","W06","Sustained","EC2","EC2","2","396.945601","180","540","1100","22.443659","0.164155","6690","11","0.002367777778","0.000353927919"
"EC2-W06-T03","W06","Sustained","EC2","EC2","3","1082.852577","210","1900","5100","6.240688","0.166889","2991","5","0.002367777778","0.000791634162"
"SVL-W01-T01","W01","Low","SVL","Serverless","1","129.674531","120","190","460","10.030918","0","595","0","0.000860685243","0.001446529820"
"SVL-W01-T02","W01","Low","SVL","Serverless","2","123.731278","120","140","300","10.01064","0","585","0","0.000872248087","0.001491022372"
"SVL-W01-T03","W01","Low","SVL","Serverless","3","124.722832","120","160","330","10.109367","0","591","0","0.000895941946","0.001515976220"
"SVL-W02-T01","W02","Moderate","SVL","Serverless","1","138.620279","120","270","380","29.541218","0","1754","0","0.001285120817","0.000732680055"
"SVL-W02-T02","W02","Moderate","SVL","Serverless","2","236.530818","130","770","1300","24.502098","0.345304","1443","5","0.002584138830","0.001790810000"
"SVL-W02-T03","W02","Moderate","SVL","Serverless","3","148.153598","130","240","520","28.726505","0","1705","0","0.002303450360","0.001350997278"
"SVL-W03-T01","W03","High","SVL","Serverless","1","344.69461","150","1200","2400","40.988617","8.893443","2223","217","0.002188005238","0.000984257867"
"SVL-W03-T02","W03","High","SVL","Serverless","2","135.961455","120","210","330","58.036833","0.663781","3442","23","0.003996029839","0.001160961603"
"SVL-W03-T03","W03","High","SVL","Serverless","3","496.797637","130","300","1100","20.982509","2.700782","1369","38","0.004398038451","0.003212592002"
"SVL-W04-T01","W04","Sudden-Burst","SVL","Serverless","1","134.472822","120","130","530","61.704324","0.546001","3643","20","0.005271315029","0.001446970911"
"SVL-W04-T02","W04","Sudden-Burst","SVL","Serverless","2","175.128573","130","390","510","56.5654","0.4455","3352","15","0.005175976656","0.001544145780"
"SVL-W04-T03","W04","Sudden-Burst","SVL","Serverless","3","148.701565","120","380","500","59.518568","0.31135","3522","11","0.004922755496","0.001397715927"
"SVL-W05-T01","W05","Idle-to-Burst","SVL","Serverless","1","194.150009","130","480","780","54.703099","1.816474","3135","58","0.005290040850","0.001687413349"
"SVL-W05-T02","W05","Idle-to-Burst","SVL","Serverless","2","155.736776","130","270","690","58.823797","0.52356","3420","18","0.004035622557","0.001180006596"
"SVL-W05-T03","W05","Idle-to-Burst","SVL","Serverless","3","156.018661","140","270","560","58.650787","0.408282","3415","14","0.003497550292","0.001024172853"
"SVL-W06-T01","W06","Sustained","SVL","Serverless","1","520.10439","290","1500","4600","22.655024","0.547661","6719","37","0.011079786115","0.001649023086"
"SVL-W06-T02","W06","Sustained","SVL","Serverless","2","806.898092","160","2100","5200","12.970044","2.505502","5759","148","0.010066549720","0.001747968349"
"SVL-W06-T03","W06","Sustained","SVL","Serverless","3","307.474178","150","1100","2900","29.885952","1.008177","8837","90","0.014846385839","0.001680025556"
