"check","expected","actual","status"
"directory_application","PRESENT","PRESENT","PASS"
"directory_terraform","PRESENT","PRESENT","PASS"
"directory_load-testing","PRESENT","PRESENT","PASS"
"directory_data","PRESENT","PRESENT","PASS"
"directory_analysis","PRESENT","PRESENT","PASS"
"directory_docs","PRESENT","PRESENT","PASS"
"directory_paper","PRESENT","PRESENT","PASS"
"file___data_final_experiments_csv","PRESENT","PRESENT","PASS"
"file___load-testing_scenarios_formal-workloads_csv","PRESENT","PRESENT","PASS"
"file___docs_methodology_formal-experiment-matrix_csv","PRESENT","PRESENT","PASS"
"file___docs_methodology_workload-calibration_md","PRESENT","PRESENT","PASS"
"file___data_processed_formal_formal-summary-by-workload-architecture_csv","PRESENT","PRESENT","PASS"
"file___data_processed_formal_formal-architecture-comparison_csv","PRESENT","PRESENT","PASS"
"file___data_processed_formal_aws-pricing-snapshot_csv","PRESENT","PRESENT","PASS"
"formal_trials","36","36","PASS"
"unique_experiment_ids","36","36","PASS"
"formal_workloads","6","6","PASS"
"formal_matrix_rows","36","36","PASS"
"summary_groups","12","12","PASS"
"architecture_comparisons","6","6","PASS"
"formal_condition_groups","12","12","PASS"
"groups_with_three_trials","12","12","PASS"
"groups_with_wrong_trial_count","0","0","PASS"
"pilot_rows_in_formal_dataset","0","0","PASS"
"single_aws_region","1","1","PASS"
"single_compute_iteration_value","1","1","PASS"
"application_files","PRESENT","PRESENT","PASS"
"compute_implementation_files","PRESENT","PRESENT","PASS"
"reproducibility_document","PRESENT","PRESENT","PASS"
