"experiment_id","architecture","locust_source","metadata_source","cloudwatch_metrics_used","total_requests","failed_requests","application_commit","terraform_commit","population_status"
"EC2-W01-T01","EC2","E:\GKS Research\aws-ec2-vs-serverless-research\data\raw\formal\ec2\EC2-W01-T01_stats.csv","E:\GKS Research\aws-ec2-vs-serverless-research\data\raw\formal\metadata\EC2-W01-T01_metadata.csv","5","587","0","fbd1349190b47dab20560d27c5921b9c6c2c3385","c7b5bd43f14e3088e77009e23e3313482138ce27","PASS"
"EC2-W01-T02","EC2","E:\GKS Research\aws-ec2-vs-serverless-research\data\raw\formal\ec2\EC2-W01-T02_stats.csv","E:\GKS Research\aws-ec2-vs-serverless-research\data\raw\formal\metadata\EC2-W01-T02_metadata.csv","5","592","0","fbd1349190b47dab20560d27c5921b9c6c2c3385","c7b5bd43f14e3088e77009e23e3313482138ce27","PASS"
"EC2-W01-T03","EC2","E:\GKS Research\aws-ec2-vs-serverless-research\data\raw\formal\ec2\EC2-W01-T03_stats.csv","E:\GKS Research\aws-ec2-vs-serverless-research\data\raw\formal\metadata\EC2-W01-T03_metadata.csv","5","587","0","fbd1349190b47dab20560d27c5921b9c6c2c3385","c7b5bd43f14e3088e77009e23e3313482138ce27","PASS"
"EC2-W02-T01","EC2","E:\GKS Research\aws-ec2-vs-serverless-research\data\raw\formal\ec2\EC2-W02-T01_stats.csv","E:\GKS Research\aws-ec2-vs-serverless-research\data\raw\formal\metadata\EC2-W02-T01_metadata.csv","5","1247","0","fbd1349190b47dab20560d27c5921b9c6c2c3385","c7b5bd43f14e3088e77009e23e3313482138ce27","PASS"
"EC2-W02-T02","EC2","E:\GKS Research\aws-ec2-vs-serverless-research\data\raw\formal\ec2\EC2-W02-T02_stats.csv","E:\GKS Research\aws-ec2-vs-serverless-research\data\raw\formal\metadata\EC2-W02-T02_metadata.csv","5","1724","0","fbd1349190b47dab20560d27c5921b9c6c2c3385","c7b5bd43f14e3088e77009e23e3313482138ce27","PASS"
"EC2-W02-T03","EC2","E:\GKS Research\aws-ec2-vs-serverless-research\data\raw\formal\ec2\EC2-W02-T03_stats.csv","E:\GKS Research\aws-ec2-vs-serverless-research\data\raw\formal\metadata\EC2-W02-T03_metadata.csv","5","1708","0","fbd1349190b47dab20560d27c5921b9c6c2c3385","c7b5bd43f14e3088e77009e23e3313482138ce27","PASS"
"EC2-W03-T01","EC2","E:\GKS Research\aws-ec2-vs-serverless-research\data\raw\formal\ec2\EC2-W03-T01_stats.csv","E:\GKS Research\aws-ec2-vs-serverless-research\data\raw\formal\metadata\EC2-W03-T01_metadata.csv","5","2980","0","fbd1349190b47dab20560d27c5921b9c6c2c3385","c7b5bd43f14e3088e77009e23e3313482138ce27","PASS"
"EC2-W03-T02","EC2","E:\GKS Research\aws-ec2-vs-serverless-research\data\raw\formal\ec2\EC2-W03-T02_stats.csv","E:\GKS Research\aws-ec2-vs-serverless-research\data\raw\formal\metadata\EC2-W03-T02_metadata.csv","5","2967","0","fbd1349190b47dab20560d27c5921b9c6c2c3385","c7b5bd43f14e3088e77009e23e3313482138ce27","PASS"
"EC2-W03-T03","EC2","E:\GKS Research\aws-ec2-vs-serverless-research\data\raw\formal\ec2\EC2-W03-T03_stats.csv","E:\GKS Research\aws-ec2-vs-serverless-research\data\raw\formal\metadata\EC2-W03-T03_metadata.csv","5","1797","0","fbd1349190b47dab20560d27c5921b9c6c2c3385","c7b5bd43f14e3088e77009e23e3313482138ce27","PASS"
"EC2-W04-T01","EC2","E:\GKS Research\aws-ec2-vs-serverless-research\data\raw\formal\ec2\EC2-W04-T01_stats.csv","E:\GKS Research\aws-ec2-vs-serverless-research\data\raw\formal\metadata\EC2-W04-T01_metadata.csv","5","3066","0","fbd1349190b47dab20560d27c5921b9c6c2c3385","c7b5bd43f14e3088e77009e23e3313482138ce27","PASS"
"EC2-W04-T02","EC2","E:\GKS Research\aws-ec2-vs-serverless-research\data\raw\formal\ec2\EC2-W04-T02_stats.csv","E:\GKS Research\aws-ec2-vs-serverless-research\data\raw\formal\metadata\EC2-W04-T02_metadata.csv","5","3136","0","fbd1349190b47dab20560d27c5921b9c6c2c3385","c7b5bd43f14e3088e77009e23e3313482138ce27","PASS"
"EC2-W04-T03","EC2","E:\GKS Research\aws-ec2-vs-serverless-research\data\raw\formal\ec2\EC2-W04-T03_stats.csv","E:\GKS Research\aws-ec2-vs-serverless-research\data\raw\formal\metadata\EC2-W04-T03_metadata.csv","5","3024","0","fbd1349190b47dab20560d27c5921b9c6c2c3385","c7b5bd43f14e3088e77009e23e3313482138ce27","PASS"
"EC2-W05-T01","EC2","E:\GKS Research\aws-ec2-vs-serverless-research\data\raw\formal\ec2\EC2-W05-T01_stats.csv","E:\GKS Research\aws-ec2-vs-serverless-research\data\raw\formal\metadata\EC2-W05-T01_metadata.csv","5","3180","0","fbd1349190b47dab20560d27c5921b9c6c2c3385","c7b5bd43f14e3088e77009e23e3313482138ce27","PASS"
"EC2-W05-T02","EC2","E:\GKS Research\aws-ec2-vs-serverless-research\data\raw\formal\ec2\EC2-W05-T02_stats.csv","E:\GKS Research\aws-ec2-vs-serverless-research\data\raw\formal\metadata\EC2-W05-T02_metadata.csv","5","3145","0","fbd1349190b47dab20560d27c5921b9c6c2c3385","c7b5bd43f14e3088e77009e23e3313482138ce27","PASS"
"EC2-W05-T03","EC2","E:\GKS Research\aws-ec2-vs-serverless-research\data\raw\formal\ec2\EC2-W05-T03_stats.csv","E:\GKS Research\aws-ec2-vs-serverless-research\data\raw\formal\metadata\EC2-W05-T03_metadata.csv","5","1520","0","fbd1349190b47dab20560d27c5921b9c6c2c3385","c7b5bd43f14e3088e77009e23e3313482138ce27","PASS"
"EC2-W06-T01","EC2","E:\GKS Research\aws-ec2-vs-serverless-research\data\raw\formal\ec2\EC2-W06-T01_stats.csv","E:\GKS Research\aws-ec2-vs-serverless-research\data\raw\formal\metadata\EC2-W06-T01_metadata.csv","5","9917","0","fbd1349190b47dab20560d27c5921b9c6c2c3385","c7b5bd43f14e3088e77009e23e3313482138ce27","PASS"
"EC2-W06-T02","EC2","E:\GKS Research\aws-ec2-vs-serverless-research\data\raw\formal\ec2\EC2-W06-T02_stats.csv","E:\GKS Research\aws-ec2-vs-serverless-research\data\raw\formal\metadata\EC2-W06-T02_metadata.csv","5","6701","11","fbd1349190b47dab20560d27c5921b9c6c2c3385","c7b5bd43f14e3088e77009e23e3313482138ce27","PASS"
"EC2-W06-T03","EC2","E:\GKS Research\aws-ec2-vs-serverless-research\data\raw\formal\ec2\EC2-W06-T03_stats.csv","E:\GKS Research\aws-ec2-vs-serverless-research\data\raw\formal\metadata\EC2-W06-T03_metadata.csv","5","2996","5","fbd1349190b47dab20560d27c5921b9c6c2c3385","c7b5bd43f14e3088e77009e23e3313482138ce27","PASS"
"SVL-W01-T01","SVL","E:\GKS Research\aws-ec2-vs-serverless-research\data\raw\formal\serverless\SVL-W01-T01_stats.csv","E:\GKS Research\aws-ec2-vs-serverless-research\data\raw\formal\metadata\SVL-W01-T01_metadata.csv","10","595","0","fbd1349190b47dab20560d27c5921b9c6c2c3385","c7b5bd43f14e3088e77009e23e3313482138ce27","PASS"
"SVL-W01-T02","SVL","E:\GKS Research\aws-ec2-vs-serverless-research\data\raw\formal\serverless\SVL-W01-T02_stats.csv","E:\GKS Research\aws-ec2-vs-serverless-research\data\raw\formal\metadata\SVL-W01-T02_metadata.csv","10","585","0","fbd1349190b47dab20560d27c5921b9c6c2c3385","c7b5bd43f14e3088e77009e23e3313482138ce27","PASS"
"SVL-W01-T03","SVL","E:\GKS Research\aws-ec2-vs-serverless-research\data\raw\formal\serverless\SVL-W01-T03_stats.csv","E:\GKS Research\aws-ec2-vs-serverless-research\data\raw\formal\metadata\SVL-W01-T03_metadata.csv","10","591","0","fbd1349190b47dab20560d27c5921b9c6c2c3385","c7b5bd43f14e3088e77009e23e3313482138ce27","PASS"
"SVL-W02-T01","SVL","E:\GKS Research\aws-ec2-vs-serverless-research\data\raw\formal\serverless\SVL-W02-T01_stats.csv","E:\GKS Research\aws-ec2-vs-serverless-research\data\raw\formal\metadata\SVL-W02-T01_metadata.csv","10","1754","0","fbd1349190b47dab20560d27c5921b9c6c2c3385","c7b5bd43f14e3088e77009e23e3313482138ce27","PASS"
"SVL-W02-T02","SVL","E:\GKS Research\aws-ec2-vs-serverless-research\data\raw\formal\serverless\SVL-W02-T02_stats.csv","E:\GKS Research\aws-ec2-vs-serverless-research\data\raw\formal\metadata\SVL-W02-T02_metadata.csv","10","1448","5","fbd1349190b47dab20560d27c5921b9c6c2c3385","c7b5bd43f14e3088e77009e23e3313482138ce27","PASS"
"SVL-W02-T03","SVL","E:\GKS Research\aws-ec2-vs-serverless-research\data\raw\formal\serverless\SVL-W02-T03_stats.csv","E:\GKS Research\aws-ec2-vs-serverless-research\data\raw\formal\metadata\SVL-W02-T03_metadata.csv","10","1705","0","fbd1349190b47dab20560d27c5921b9c6c2c3385","c7b5bd43f14e3088e77009e23e3313482138ce27","PASS"
"SVL-W03-T01","SVL","E:\GKS Research\aws-ec2-vs-serverless-research\data\raw\formal\serverless\SVL-W03-T01_stats.csv","E:\GKS Research\aws-ec2-vs-serverless-research\data\raw\formal\metadata\SVL-W03-T01_metadata.csv","10","2440","217","fbd1349190b47dab20560d27c5921b9c6c2c3385","c7b5bd43f14e3088e77009e23e3313482138ce27","PASS"
"SVL-W03-T02","SVL","E:\GKS Research\aws-ec2-vs-serverless-research\data\raw\formal\serverless\SVL-W03-T02_stats.csv","E:\GKS Research\aws-ec2-vs-serverless-research\data\raw\formal\metadata\SVL-W03-T02_metadata.csv","10","3465","23","fbd1349190b47dab20560d27c5921b9c6c2c3385","c7b5bd43f14e3088e77009e23e3313482138ce27","PASS"
"SVL-W03-T03","SVL","E:\GKS Research\aws-ec2-vs-serverless-research\data\raw\formal\serverless\SVL-W03-T03_stats.csv","E:\GKS Research\aws-ec2-vs-serverless-research\data\raw\formal\metadata\SVL-W03-T03_metadata.csv","10","1407","38","fbd1349190b47dab20560d27c5921b9c6c2c3385","c7b5bd43f14e3088e77009e23e3313482138ce27","PASS"
"SVL-W04-T01","SVL","E:\GKS Research\aws-ec2-vs-serverless-research\data\raw\formal\serverless\SVL-W04-T01_stats.csv","E:\GKS Research\aws-ec2-vs-serverless-research\data\raw\formal\metadata\SVL-W04-T01_metadata.csv","10","3663","20","fbd1349190b47dab20560d27c5921b9c6c2c3385","c7b5bd43f14e3088e77009e23e3313482138ce27","PASS"
"SVL-W04-T02","SVL","E:\GKS Research\aws-ec2-vs-serverless-research\data\raw\formal\serverless\SVL-W04-T02_stats.csv","E:\GKS Research\aws-ec2-vs-serverless-research\data\raw\formal\metadata\SVL-W04-T02_metadata.csv","10","3367","15","fbd1349190b47dab20560d27c5921b9c6c2c3385","c7b5bd43f14e3088e77009e23e3313482138ce27","PASS"
"SVL-W04-T03","SVL","E:\GKS Research\aws-ec2-vs-serverless-research\data\raw\formal\serverless\SVL-W04-T03_stats.csv","E:\GKS Research\aws-ec2-vs-serverless-research\data\raw\formal\metadata\SVL-W04-T03_metadata.csv","10","3533","11","fbd1349190b47dab20560d27c5921b9c6c2c3385","c7b5bd43f14e3088e77009e23e3313482138ce27","PASS"
"SVL-W05-T01","SVL","E:\GKS Research\aws-ec2-vs-serverless-research\data\raw\formal\serverless\SVL-W05-T01_stats.csv","E:\GKS Research\aws-ec2-vs-serverless-research\data\raw\formal\metadata\SVL-W05-T01_metadata.csv","10","3193","58","fbd1349190b47dab20560d27c5921b9c6c2c3385","c7b5bd43f14e3088e77009e23e3313482138ce27","PASS"
"SVL-W05-T02","SVL","E:\GKS Research\aws-ec2-vs-serverless-research\data\raw\formal\serverless\SVL-W05-T02_stats.csv","E:\GKS Research\aws-ec2-vs-serverless-research\data\raw\formal\metadata\SVL-W05-T02_metadata.csv","10","3438","18","fbd1349190b47dab20560d27c5921b9c6c2c3385","c7b5bd43f14e3088e77009e23e3313482138ce27","PASS"
"SVL-W05-T03","SVL","E:\GKS Research\aws-ec2-vs-serverless-research\data\raw\formal\serverless\SVL-W05-T03_stats.csv","E:\GKS Research\aws-ec2-vs-serverless-research\data\raw\formal\metadata\SVL-W05-T03_metadata.csv","10","3429","14","fbd1349190b47dab20560d27c5921b9c6c2c3385","c7b5bd43f14e3088e77009e23e3313482138ce27","PASS"
"SVL-W06-T01","SVL","E:\GKS Research\aws-ec2-vs-serverless-research\data\raw\formal\serverless\SVL-W06-T01_stats.csv","E:\GKS Research\aws-ec2-vs-serverless-research\data\raw\formal\metadata\SVL-W06-T01_metadata.csv","10","6756","37","fbd1349190b47dab20560d27c5921b9c6c2c3385","c7b5bd43f14e3088e77009e23e3313482138ce27","PASS"
"SVL-W06-T02","SVL","E:\GKS Research\aws-ec2-vs-serverless-research\data\raw\formal\serverless\SVL-W06-T02_stats.csv","E:\GKS Research\aws-ec2-vs-serverless-research\data\raw\formal\metadata\SVL-W06-T02_metadata.csv","10","5907","148","fbd1349190b47dab20560d27c5921b9c6c2c3385","c7b5bd43f14e3088e77009e23e3313482138ce27","PASS"
"SVL-W06-T03","SVL","E:\GKS Research\aws-ec2-vs-serverless-research\data\raw\formal\serverless\SVL-W06-T03_stats.csv","E:\GKS Research\aws-ec2-vs-serverless-research\data\raw\formal\metadata\SVL-W06-T03_metadata.csv","10","8927","90","fbd1349190b47dab20560d27c5921b9c6c2c3385","c7b5bd43f14e3088e77009e23e3313482138ce27","PASS"
