path,sha256,bytes
analysis\scripts\analyze-formal-results.ps1,b31500c81c9ffdafdf10cf9103315250e502a1c0201169aa8c92a47386f631c4,32457
analysis\scripts\build-complete-preprint.py,061c33ca1234283ddc258f1392b066d3b5dba7653b338da52bf2369c71447412,55223
analysis\scripts\calculate-formal-costs.ps1,d1d585bf3f5d8c73b1579d028bc1f7e7c6cc7c3f7e27c9f68acec0e8c92569d2,39542
analysis\scripts\generate-final-tables.py,d52c9c1c78067014914db6adadb3938f0151f7be99d87c7f6cef2b3aa724f9f4,30791
analysis\scripts\generate-publication-figures.py,bbb575de6587c60534d199fd5160a2714d097bf3cd10bf85b3512a79dd9ff14d,17227
data\final\experiments.csv,68ccabe59041ff5f0dae7e8b2bc8c1a764019d9e65d1ce5a22f0ba84624a4777,26717
data\processed\formal\formal-architecture-comparison.csv,bcb39f50ed4d3950eae3a4d699ad5ae87f8732f2293b06123fd339ec6a5e7075,3452
data\processed\formal\formal-summary-by-workload-architecture.csv,155551295b0623e300a80754da966f2c5c1e1f84f8d5aba37d61f480f5da3ef1,6180
data\processed\formal\tables\table_01_experimental_environment.csv,2f7eb7f94c29d8aecc88c19462581fd400706c3c0e3f7a1d7031c0b06d9368a7,798
data\processed\formal\tables\table_02_frozen_workloads.csv,067b07a8447dc38ee22baf4a1b932f1fbe4a70183b3c0e74352402f99d464180,244
data\processed\formal\tables\table_03_performance_comparison.csv,cf043999394f254d110d4b8bddfebb725a86bfb5558b1700bc89595345d01ab2,642
data\processed\formal\tables\table_04_reliability_comparison.csv,181e62deb91baabc62d8fe9cd903d62bb7ce26ddb89749bbc1e292188c1d6833,448
data\processed\formal\tables\table_05_cost_comparison.csv,77eaf0b923b7e4fa2d7a85b55f2672e4f1ccbc06458219225e09cb279dade81f,585
data\processed\formal\tables\table_06_three_trial_variability.csv,0b42bb12f797eb71b7685c71eaf46ca3606181095039bc50c1e3eedf31a11a3e,1784
docs\figures\figure_01_research_architecture.pdf,2b87856146200a988d4fff054411626c4991ad9c8cd55cfa01a6235801ce974b,34697
docs\figures\figure_01_research_architecture.png,0449c41f270173b26bd43867193d7f21bbc0d6b5f4c3beb5f0f9f140ece7c7a8,368176
docs\figures\figure_02_average_latency.pdf,f2a4f2776e5330a21a13889ac6dc00c1d8ade4fec10078a88a40d801c897fbc1,22406
docs\figures\figure_02_average_latency.png,d8cde83f4cc259dc6f443912a4a665df7317b19567dfb4c3480d42d9e9fe18b1,195202
docs\figures\figure_03_p95_latency.pdf,b818ee4affc765d938227c73593c67a0fcf25db4c49f5b9d649e18089af2fb5f,22327
docs\figures\figure_03_p95_latency.png,eede1be9582f35dca880366c3c18c45ac2272b712b485e5f228e1326b99f315f,201415
docs\figures\figure_04_throughput.pdf,8f1ccbe3236c2c453c408ecc10d4181aaa9baea5ef4ff0c2bfcb498c894170dd,21656
docs\figures\figure_04_throughput.png,12b06e15fac8da8460680429ab71ac916723891736a4a889ec8e4fe2366b44b5,199194
docs\figures\figure_05_failure_rate.pdf,878c9af3fa5fef8badce95976795e8c7334b4e02e956b75b0936973909c9ec30,21806
docs\figures\figure_05_failure_rate.png,54a1f95d8363f36a189b23984d46f336ed0fe451a4338deb825e9804bb9ecf78,172763
docs\figures\figure_06_cost_per_1000.pdf,8e22ae8dbdf41c6188f667e4f16cc2326638a1730a73f24ee0e67d807a28da51,25795
docs\figures\figure_06_cost_per_1000.png,fab64480dc04c078e11087728942c3318b3d3bb6065f2980f29a4db6be4207cf,212950
docs\figures\figure_07_resource_behavior.pdf,a415ac0568d048367c45c09862802c92bea77ae91ba580fa38938884a300cf30,24896
docs\figures\figure_07_resource_behavior.png,b6da84d61b2c06b7d256e7b2243f9d4e02056ffdb6b7bddf8dfb819ea5e6251b,379774
docs\methodology\formal-experiment-matrix.csv,6f41a451101b5c56727b5c8cc59ffd24004c4da2fbbcb03f4aab412645df3940,1621
docs\preprint\preprint.md,4992e84afdf91166152871849fed56f412ff11ccb7b35b2d0ce921c2fdf63a9b,51956
docs\reproducibility\REPRODUCIBILITY.md,ecf2373961eb7109370a37bda934037920582b7b1f0a35b1cfa279121fb278e7,8895
docs\tables\table_01_experimental_environment.md,5b00e5708f63a09507b15d1df6665ea0a47e9534f86a4c568b5b64899908d06a,1046
docs\tables\table_02_frozen_workloads.md,6be56a6f3990058382dfce20a4715aa9ac09612a9c84b47a189fdd295d06b45e,508
docs\tables\table_03_performance_comparison.md,2377d3eef64f14bcd4feafba2c41f2f55701b8e6625ee5fdf97a648814cc0504,1033
docs\tables\table_04_reliability_comparison.md,7871380a4054da5872218415a0153cd7f34f57f80d1726ac7402f900d448a8f2,733
docs\tables\table_05_cost_comparison.md,14fd2d3bddc212fabf9c5c1b6afcc397d7db3e64b73fc19c14949343203b0dd2,894
docs\tables\table_06_three_trial_variability.md,4a5aedb6e8311f6cc94b2dd2a98f2c2aca29717fa6dc0fd5b934483223d226fa,2303
load-testing\scenarios\formal-workloads.csv,17c4d0883bfc85dbfff6d71dddbfc76466ddf49a03f96f676a4eba55ebd691e4,227
