"path","sha256"
".\data\final\experiments.csv","68ccabe59041ff5f0dae7e8b2bc8c1a764019d9e65d1ce5a22f0ba84624a4777"
".\data\processed\formal\aws-pricing-snapshot.csv","1fc2de1544b300780ac5848d0ef54f3fca26d8a25c32645df619e872a773937f"
".\data\processed\formal\formal-architecture-comparison.csv","bcb39f50ed4d3950eae3a4d699ad5ae87f8732f2293b06123fd339ec6a5e7075"
".\data\processed\formal\formal-summary-by-workload-architecture.csv","155551295b0623e300a80754da966f2c5c1e1f84f8d5aba37d61f480f5da3ef1"
".\docs\methodology\formal-experiment-matrix.csv","6f41a451101b5c56727b5c8cc59ffd24004c4da2fbbcb03f4aab412645df3940"
".\docs\methodology\workload-calibration.md","cfc77dcb4db2dacdd87256e0aca49afefe4447901534157f0d67d2f1da34a41d"
".\load-testing\scenarios\formal-workloads.csv","17c4d0883bfc85dbfff6d71dddbfc76466ddf49a03f96f676a4eba55ebd691e4"
"analysis\scripts\.gitkeep","e3b0c44298fc1c149afbf4c8996fb92427ae41e4649b934ca495991b7852b855"
"analysis\scripts\analyze-formal-results.ps1","b31500c81c9ffdafdf10cf9103315250e502a1c0201169aa8c92a47386f631c4"
"analysis\scripts\build-complete-preprint.py","4529559a22db00ab1982c62f3dfc6492d3ac431568072f2b4db162ebb6b1f8f6"
"analysis\scripts\build-formal-dataset.ps1","6077b06f8fbe0872146130fee3aa135dd5f5cca782e60847de16a29213d2a5d7"
"analysis\scripts\build-reproducibility-package.ps1","e157e82eaa833199e988b56db1a686b2de44d8cdb87272e463b3509cf80275a7"
"analysis\scripts\calculate-formal-costs.ps1","d1d585bf3f5d8c73b1579d028bc1f7e7c6cc7c3f7e27c9f68acec0e8c92569d2"
"analysis\scripts\extract-formal-cloudwatch.ps1","6e785daccb1492d66978c203d8595059b9f3d6caa20108db078f3cbc42c1e377"
"analysis\scripts\generate-final-tables.py","be8c851fff97b47f51a2a2b16dd8aeb051201cd8c4f8f15fb0f398dc7a10c979"
"analysis\scripts\generate-publication-figures.py","bbb575de6587c60534d199fd5160a2714d097bf3cd10bf85b3512a79dd9ff14d"
"analysis\scripts\generate-results-interpretation.py","d915402187f98f76316b2e40c21b3c53f82b772756264b5ad8e23034acc8063d"
"analysis\scripts\task22-formal-completeness-audit.ps1","fc3b153480326c600cf6d0b51a1aaf85346bb5a3ca2f3dc7b84afed8b28e3c9a"
"application\ec2\compute_logic.py","a9d1927df4b13a1e3b107247ce7cc01ee55d4bc6128094e104c1799db9441483"
"application\lambda\compute_logic.py","a9d1927df4b13a1e3b107247ce7cc01ee55d4bc6128094e104c1799db9441483"
"docs\preprint\preprint.md","ccff52bb43ac29408a6468ef5ae4bd1cd00076361ea9608d2bc7733e9f5d5d53"
"docs\reproducibility\REPRODUCIBILITY.md","ecf2373961eb7109370a37bda934037920582b7b1f0a35b1cfa279121fb278e7"
