Timestamp,User Count,Type,Name,Requests/s,Failures/s,50%,66%,75%,80%,90%,95%,98%,99%,99.9%,99.99%,100%,Total Request Count,Total Failure Count,Total Median Response Time,Total Average Response Time,Total Min Response Time,Total Max Response Time,Total Average Content Size
1786878321,0,,Aggregated,0.000000,0.000000,N/A,N/A,N/A,N/A,N/A,N/A,N/A,N/A,N/A,N/A,N/A,0,0,0,0.0,0,0,0
1786878322,3,GET,/compute,0.000000,0.000000,0,0,0,0,0,0,0,0,0,0,0,3,0,580,583.3824333191538,558.1956999958493,611.8027999764308,162.0
1786878322,3,,Aggregated,0.000000,0.000000,0,0,0,0,0,0,0,0,0,0,0,3,0,580,583.3824333191538,558.1956999958493,611.8027999764308,162.0
1786878323,9,GET,/compute,0.000000,0.000000,0,0,0,0,0,0,0,0,0,0,0,17,0,130,240.2128647081554,111.61330004688352,611.8027999764308,162.0
1786878323,9,,Aggregated,0.000000,0.000000,130,320,320,330,580,610,610,610,610,610,610,17,0,130,240.2128647081554,111.61330004688352,611.8027999764308,162.0
1786878324,12,GET,/compute,0.000000,0.000000,130,140,140,150,300,300,320,320,320,320,320,37,0,130,196.98365135086902,111.61330004688352,611.8027999764308,162.0
1786878324,12,,Aggregated,0.000000,0.000000,130,140,150,300,330,580,610,610,610,610,610,37,0,130,196.98365135086902,111.61330004688352,611.8027999764308,162.0
1786878325,15,GET,/compute,4.500000,0.000000,140,150,190,220,300,320,320,390,390,390,390,61,0,140,193.93017869080097,111.61330004688352,611.8027999764308,162.0
1786878325,15,,Aggregated,4.500000,0.000000,140,160,240,280,320,390,580,610,610,610,610,61,0,140,193.93017869080097,111.61330004688352,611.8027999764308,162.0
1786878326,15,GET,/compute,8.333333,0.000000,140,150,160,190,300,320,360,390,390,390,390,89,0,140,180.92322472176838,110.49689998617396,611.8027999764308,162.0
1786878326,15,,Aggregated,8.333333,0.000000,140,150,160,250,320,360,580,610,610,610,610,89,0,140,180.92322472176838,110.49689998617396,611.8027999764308,162.0
1786878327,15,GET,/compute,11.000000,0.000000,140,150,150,160,260,300,320,360,390,390,390,119,0,140,170.17395798500408,110.49689998617396,611.8027999764308,162.0
1786878327,15,,Aggregated,11.000000,0.000000,140,150,160,160,300,330,560,580,610,610,610,119,0,140,170.17395798500408,110.49689998617396,611.8027999764308,162.0
1786878328,15,GET,/compute,13.400000,0.000000,130,140,150,150,190,300,320,360,390,390,390,151,0,130,160.73890132536582,104.67040003277361,611.8027999764308,162.0
1786878328,15,,Aggregated,13.400000,0.000000,130,140,150,160,270,320,390,580,610,610,610,151,0,130,160.73890132536582,104.67040003277361,611.8027999764308,162.0
1786878329,15,GET,/compute,16.333333,0.000000,130,140,140,150,160,280,320,360,390,390,390,183,0,130,154.91671038313152,104.67040003277361,611.8027999764308,162.0
1786878329,15,,Aggregated,16.333333,0.000000,130,140,150,150,240,320,390,580,610,610,610,183,0,130,154.91671038313152,104.67040003277361,611.8027999764308,162.0
1786878330,15,GET,/compute,18.571429,0.000000,130,140,140,150,160,260,310,320,390,390,390,212,0,130,151.7548108493189,104.67040003277361,611.8027999764308,162.0
1786878330,15,,Aggregated,18.571429,0.000000,130,140,140,150,190,310,360,560,610,610,610,212,0,130,151.7548108493189,104.67040003277361,611.8027999764308,162.0
1786878331,15,GET,/compute,20.250000,0.000000,130,140,140,150,160,250,310,320,390,390,390,244,0,130,149.97229303307756,104.67040003277361,611.8027999764308,162.0
1786878331,15,,Aggregated,20.250000,0.000000,130,140,140,150,160,300,360,560,610,610,610,244,0,130,149.97229303307756,104.67040003277361,611.8027999764308,162.0
1786878332,15,GET,/compute,21.111111,0.000000,130,140,140,150,160,220,300,320,390,390,390,273,0,130,148.5099062270693,104.67040003277361,611.8027999764308,162.0
1786878332,15,,Aggregated,21.111111,0.000000,130,140,140,150,160,220,300,320,390,390,390,273,0,130,148.5099062270693,104.67040003277361,611.8027999764308,162.0
1786878333,15,GET,/compute,21.900000,0.000000,130,140,140,150,160,160,280,320,390,390,390,306,0,130,146.41141405198235,104.67040003277361,611.8027999764308,162.0
1786878333,15,,Aggregated,21.900000,0.000000,130,140,140,150,160,160,280,320,390,390,390,306,0,130,146.41141405198235,104.67040003277361,611.8027999764308,162.0
1786878334,15,GET,/compute,25.100000,0.000000,130,140,140,150,160,230,280,310,390,390,390,333,0,130,147.9932609608176,104.67040003277361,611.8027999764308,162.0
1786878334,15,,Aggregated,25.100000,0.000000,130,140,140,150,160,230,280,310,390,390,390,333,0,130,147.9932609608176,104.67040003277361,611.8027999764308,162.0
1786878335,15,GET,/compute,27.200000,0.000000,130,140,140,150,150,160,250,280,360,360,360,360,0,130,146.749514166408,104.67040003277361,611.8027999764308,162.0
1786878335,15,,Aggregated,27.200000,0.000000,130,140,140,150,150,160,250,280,360,360,360,360,0,130,146.749514166408,104.67040003277361,611.8027999764308,162.0
1786878336,15,GET,/compute,28.600000,0.000000,130,140,140,140,150,160,240,260,280,280,280,392,0,130,145.68423877537907,104.67040003277361,611.8027999764308,162.0
1786878336,15,,Aggregated,28.600000,0.000000,130,140,140,140,150,160,240,260,280,280,280,392,0,130,145.68423877537907,104.67040003277361,611.8027999764308,162.0
1786878337,15,GET,/compute,29.500000,0.000000,130,140,140,150,160,260,330,340,360,360,360,419,0,130,151.7780563243396,104.67040003277361,611.8027999764308,162.0
1786878337,15,,Aggregated,29.500000,0.000000,130,140,140,150,160,260,330,340,360,360,360,419,0,130,151.7780563243396,104.67040003277361,611.8027999764308,162.0
1786878338,15,GET,/compute,30.400000,0.000000,130,140,150,150,160,260,330,340,360,360,360,446,0,130,150.5437340804547,104.67040003277361,611.8027999764308,162.0
1786878338,15,,Aggregated,30.400000,0.000000,130,140,150,150,160,260,330,340,360,360,360,446,0,130,150.5437340804547,104.67040003277361,611.8027999764308,162.0
1786878339,15,GET,/compute,30.100000,0.000000,140,140,150,150,160,260,330,340,360,360,360,479,0,130,149.5158615867687,104.67040003277361,611.8027999764308,162.0
1786878339,15,,Aggregated,30.100000,0.000000,140,140,150,150,160,260,330,340,360,360,360,479,0,130,149.5158615867687,104.67040003277361,611.8027999764308,162.0
1786878340,15,GET,/compute,29.700000,0.000000,140,140,150,150,180,260,330,340,360,360,360,507,0,130,149.69228579870773,104.67040003277361,611.8027999764308,162.0
1786878340,15,,Aggregated,29.700000,0.000000,140,140,150,150,180,260,330,340,360,360,360,507,0,130,149.69228579870773,104.67040003277361,611.8027999764308,162.0
1786878341,15,GET,/compute,29.200000,0.000000,140,140,150,150,210,300,340,620,670,670,670,518,0,130,152.3905743243178,104.67040003277361,668.0901999934576,162.0
1786878341,15,,Aggregated,29.200000,0.000000,140,140,150,150,210,300,340,620,670,670,670,518,0,130,152.3905743243178,104.67040003277361,668.0901999934576,162.0
1786878342,15,GET,/compute,29.500000,0.000000,140,150,150,170,330,800,1400,1500,1500,1500,1500,533,0,140,184.34999136959235,104.67040003277361,1516.1406999686733,162.0
1786878342,15,,Aggregated,29.500000,0.000000,140,150,150,170,330,800,1400,1500,1500,1500,1500,533,0,140,184.34999136959235,104.67040003277361,1516.1406999686733,162.0
1786878343,15,GET,/compute,29.600000,0.000000,140,150,160,180,330,1300,1500,1500,1500,1500,1500,551,0,140,183.754629038123,104.67040003277361,1516.1406999686733,162.0
1786878343,15,,Aggregated,29.600000,0.000000,140,150,160,180,330,1300,1500,1500,1500,1500,1500,551,0,140,183.754629038123,104.67040003277361,1516.1406999686733,162.0
1786878344,15,GET,/compute,26.700000,0.000000,140,150,160,190,360,800,1500,1500,1500,1500,1500,586,0,140,184.78519044365137,104.67040003277361,1516.1406999686733,162.0
1786878344,15,,Aggregated,26.700000,0.000000,140,150,160,190,360,800,1500,1500,1500,1500,1500,586,0,140,184.78519044365137,104.67040003277361,1516.1406999686733,162.0
1786878345,15,GET,/compute,25.200000,0.000000,140,150,160,200,360,800,1500,1500,1500,1500,1500,614,0,140,182.63255618901314,104.67040003277361,1516.1406999686733,162.0
1786878345,15,,Aggregated,25.200000,0.000000,140,150,160,200,360,800,1500,1500,1500,1500,1500,614,0,140,182.63255618901314,104.67040003277361,1516.1406999686733,162.0
1786878346,15,GET,/compute,25.300000,0.000000,140,150,160,190,350,800,1400,1500,1500,1500,1500,650,0,140,180.1449204617753,104.67040003277361,1516.1406999686733,162.0
1786878346,15,,Aggregated,25.300000,0.000000,140,150,160,190,350,800,1400,1500,1500,1500,1500,650,0,140,180.1449204617753,104.67040003277361,1516.1406999686733,162.0
1786878347,15,GET,/compute,25.400000,0.000000,140,150,150,170,360,800,1500,1500,1500,1500,1500,673,0,140,181.21317176862357,104.67040003277361,1516.1406999686733,162.0
1786878347,15,,Aggregated,25.400000,0.000000,140,150,150,170,360,800,1500,1500,1500,1500,1500,673,0,140,181.21317176862357,104.67040003277361,1516.1406999686733,162.0
1786878348,15,GET,/compute,25.200000,0.000000,140,150,160,170,360,800,1400,1500,1500,1500,1500,705,0,140,179.21239617049483,104.67040003277361,1516.1406999686733,162.0
1786878348,15,,Aggregated,25.200000,0.000000,140,150,160,170,360,800,1400,1500,1500,1500,1500,705,0,140,179.21239617049483,104.67040003277361,1516.1406999686733,162.0
1786878349,15,GET,/compute,25.400000,0.000000,140,150,160,200,360,800,1500,1500,1500,1500,1500,734,0,140,178.70176702996966,104.67040003277361,1516.1406999686733,162.0
1786878349,15,,Aggregated,25.400000,0.000000,140,150,160,200,360,800,1500,1500,1500,1500,1500,734,0,140,178.70176702996966,104.67040003277361,1516.1406999686733,162.0
1786878350,15,GET,/compute,25.100000,0.000000,140,150,160,210,360,800,1500,1500,1500,1500,1500,764,0,140,177.53500026176533,104.67040003277361,1516.1406999686733,162.0
1786878350,15,,Aggregated,25.100000,0.000000,140,150,160,210,360,800,1500,1500,1500,1500,1500,764,0,140,177.53500026176533,104.67040003277361,1516.1406999686733,162.0
1786878351,15,GET,/compute,25.600000,0.000000,140,150,160,170,310,770,1400,1500,1500,1500,1500,794,0,140,175.77865869016503,104.67040003277361,1516.1406999686733,162.0
1786878351,15,,Aggregated,25.600000,0.000000,140,150,160,170,310,770,1400,1500,1500,1500,1500,794,0,140,175.77865869016503,104.67040003277361,1516.1406999686733,162.0
1786878352,15,GET,/compute,25.300000,0.000000,140,150,160,170,290,410,430,570,570,570,570,819,0,140,180.024766178133,104.67040003277361,1516.1406999686733,162.0
1786878352,15,,Aggregated,25.300000,0.000000,140,150,160,170,290,410,430,570,570,570,570,819,0,140,180.024766178133,104.67040003277361,1516.1406999686733,162.0
1786878353,15,GET,/compute,25.400000,0.000000,140,150,150,150,220,330,430,570,570,570,570,850,0,140,178.0884088234127,104.67040003277361,1516.1406999686733,162.0
1786878353,15,,Aggregated,25.400000,0.000000,140,150,150,150,220,330,430,570,570,570,570,850,0,140,178.0884088234127,104.67040003277361,1516.1406999686733,162.0
1786878354,15,GET,/compute,27.600000,0.000000,140,150,150,160,260,430,470,570,570,570,570,872,0,140,179.26176639894288,104.67040003277361,1516.1406999686733,162.0
1786878354,15,,Aggregated,27.600000,0.000000,140,150,150,160,260,430,470,570,570,570,570,872,0,140,179.26176639894288,104.67040003277361,1516.1406999686733,162.0
1786878355,15,GET,/compute,28.800000,0.000000,140,150,150,160,260,430,470,570,570,570,570,905,0,140,177.46827370147554,98.97819999605417,1516.1406999686733,162.0
1786878355,15,,Aggregated,28.800000,0.000000,140,150,150,160,260,430,470,570,570,570,570,905,0,140,177.46827370147554,98.97819999605417,1516.1406999686733,162.0
1786878356,15,GET,/compute,28.700000,0.000000,140,140,150,160,260,430,470,570,570,570,570,934,0,140,176.21885749451093,98.97819999605417,1516.1406999686733,162.0
1786878356,15,,Aggregated,28.700000,0.000000,140,140,150,160,260,430,470,570,570,570,570,934,0,140,176.21885749451093,98.97819999605417,1516.1406999686733,162.0
1786878357,15,GET,/compute,28.400000,0.000000,130,140,150,160,260,430,570,810,1000,1000,1000,939,0,140,179.2179632587165,98.97819999605417,1516.1406999686733,162.0
1786878357,15,,Aggregated,28.400000,0.000000,130,140,150,160,260,430,570,810,1000,1000,1000,939,0,140,179.2179632587165,98.97819999605417,1516.1406999686733,162.0
1786878358,15,GET,/compute,28.600000,0.000000,140,150,170,210,430,790,1100,1100,1100,1100,1100,971,0,140,189.28165355320573,98.97819999605417,1516.1406999686733,162.0
1786878358,15,,Aggregated,28.600000,0.000000,140,150,170,210,430,790,1100,1100,1100,1100,1100,971,0,140,189.28165355320573,98.97819999605417,1516.1406999686733,162.0
1786878359,15,GET,/compute,28.200000,0.000000,140,140,160,170,430,790,1100,1100,1100,1100,1100,1001,0,140,187.827476523477,98.97819999605417,1516.1406999686733,162.0
1786878359,15,,Aggregated,28.200000,0.000000,140,140,160,170,430,790,1100,1100,1100,1100,1100,1001,0,140,187.827476523477,98.97819999605417,1516.1406999686733,162.0
1786878360,15,GET,/compute,26.400000,0.000000,140,150,160,170,430,790,1100,1100,1100,1100,1100,1032,0,140,186.42559234516978,98.97819999605417,1516.1406999686733,162.0
1786878360,15,,Aggregated,26.400000,0.000000,140,150,160,170,430,790,1100,1100,1100,1100,1100,1032,0,140,186.42559234516978,98.97819999605417,1516.1406999686733,162.0
1786878361,15,GET,/compute,26.300000,0.000000,140,160,200,240,430,790,1100,1100,1100,1100,1100,1058,0,140,188.05802504745284,98.97819999605417,1516.1406999686733,162.0
1786878361,15,,Aggregated,26.300000,0.000000,140,160,200,240,430,790,1100,1100,1100,1100,1100,1058,0,140,188.05802504745284,98.97819999605417,1516.1406999686733,162.0
1786878362,15,GET,/compute,26.500000,0.000000,140,150,170,200,350,790,1100,1100,1100,1100,1100,1085,0,140,187.18752073754948,98.97819999605417,1516.1406999686733,162.0
1786878362,15,,Aggregated,26.500000,0.000000,140,150,170,200,350,790,1100,1100,1100,1100,1100,1085,0,140,187.18752073754948,98.97819999605417,1516.1406999686733,162.0
1786878363,15,GET,/compute,26.400000,0.000000,140,160,190,220,350,810,1100,1100,1100,1100,1100,1110,0,140,186.93922396412597,98.97819999605417,1516.1406999686733,162.0
1786878363,15,,Aggregated,26.400000,0.000000,140,160,190,220,350,810,1100,1100,1100,1100,1100,1110,0,140,186.93922396412597,98.97819999605417,1516.1406999686733,162.0
1786878364,15,GET,/compute,26.800000,0.000000,150,170,200,230,320,810,1100,1100,1100,1100,1100,1133,0,140,187.52444872034826,98.97819999605417,1516.1406999686733,162.0
1786878364,15,,Aggregated,26.800000,0.000000,150,170,200,230,320,810,1100,1100,1100,1100,1100,1133,0,140,187.52444872034826,98.97819999605417,1516.1406999686733,162.0
1786878365,15,GET,/compute,27.200000,0.000000,160,200,260,290,430,810,1100,1100,1100,1100,1100,1161,0,140,191.28239198985312,98.97819999605417,1516.1406999686733,162.0
1786878365,15,,Aggregated,27.200000,0.000000,160,200,260,290,430,810,1100,1100,1100,1100,1100,1161,0,140,191.28239198985312,98.97819999605417,1516.1406999686733,162.0
1786878366,15,GET,/compute,25.900000,0.000000,170,230,270,310,430,810,1100,1100,1100,1100,1100,1190,0,140,191.84329058845847,98.97819999605417,1516.1406999686733,162.0
1786878366,15,,Aggregated,25.900000,0.000000,170,230,270,310,430,810,1100,1100,1100,1100,1100,1190,0,140,191.84329058845847,98.97819999605417,1516.1406999686733,162.0
1786878367,15,GET,/compute,26.300000,0.000000,160,200,240,270,360,440,1100,1100,1100,1100,1100,1219,0,140,190.37147071399713,98.97819999605417,1516.1406999686733,162.0
1786878367,15,,Aggregated,26.300000,0.000000,160,200,240,270,360,440,1100,1100,1100,1100,1100,1219,0,140,190.37147071399713,98.97819999605417,1516.1406999686733,162.0
1786878368,15,GET,/compute,25.200000,0.000000,150,170,220,250,320,390,440,470,490,490,490,1247,0,140,188.97282710541063,98.97819999605417,1516.1406999686733,162.0
1786878368,15,,Aggregated,25.200000,0.000000,150,170,220,250,320,390,440,470,490,490,490,1247,0,140,188.97282710541063,98.97819999605417,1516.1406999686733,162.0
1786878369,15,GET,/compute,25.600000,0.000000,150,170,220,250,320,390,440,470,490,490,490,1278,0,140,187.59377190928123,98.97819999605417,1516.1406999686733,162.0
1786878369,15,,Aggregated,25.600000,0.000000,150,170,220,250,320,390,440,470,490,490,490,1278,0,140,187.59377190928123,98.97819999605417,1516.1406999686733,162.0
1786878370,15,GET,/compute,27.900000,0.000000,150,170,220,250,320,390,440,470,490,490,490,1311,0,140,186.38896659056746,98.97819999605417,1516.1406999686733,162.0
1786878370,15,,Aggregated,27.900000,0.000000,150,170,220,250,320,390,440,470,490,490,490,1311,0,140,186.38896659056746,98.97819999605417,1516.1406999686733,162.0
1786878371,15,GET,/compute,27.600000,0.000000,140,150,170,210,310,390,440,470,490,490,490,1340,0,140,185.3803591046451,98.97819999605417,1516.1406999686733,162.0
1786878371,15,,Aggregated,27.600000,0.000000,140,150,170,210,310,390,440,470,490,490,490,1340,0,140,185.3803591046451,98.97819999605417,1516.1406999686733,162.0
1786878372,15,GET,/compute,27.700000,0.000000,140,150,170,200,310,390,440,470,490,490,490,1370,0,140,184.4952608031275,98.97819999605417,1516.1406999686733,162.0
1786878372,15,,Aggregated,27.700000,0.000000,140,150,170,200,310,390,440,470,490,490,490,1370,0,140,184.4952608031275,98.97819999605417,1516.1406999686733,162.0
1786878374,15,GET,/compute,27.800000,0.000000,140,150,170,240,340,410,460,580,630,630,630,1392,0,140,187.85106264363878,98.97819999605417,1516.1406999686733,162.0
1786878374,15,,Aggregated,27.800000,0.000000,140,150,170,240,340,410,460,580,630,630,630,1392,0,140,187.85106264363878,98.97819999605417,1516.1406999686733,162.0
1786878375,15,GET,/compute,27.700000,0.000000,140,150,160,190,280,390,460,580,630,630,630,1419,0,140,188.00524263554124,98.97819999605417,1516.1406999686733,162.0
1786878375,15,,Aggregated,27.700000,0.000000,140,150,160,190,280,390,460,580,630,630,630,1419,0,140,188.00524263554124,98.97819999605417,1516.1406999686733,162.0
1786878376,15,GET,/compute,28.200000,0.000000,140,150,150,160,260,360,460,580,630,630,630,1454,0,140,186.90243947726898,98.97819999605417,1516.1406999686733,162.0
1786878376,15,,Aggregated,28.200000,0.000000,140,150,150,160,260,360,460,580,630,630,630,1454,0,140,186.90243947726898,98.97819999605417,1516.1406999686733,162.0
1786878377,15,GET,/compute,27.700000,0.000000,140,150,150,160,260,360,460,580,630,630,630,1485,0,140,185.87322175077097,98.97819999605417,1516.1406999686733,162.0
1786878377,15,,Aggregated,27.700000,0.000000,140,150,150,160,260,360,460,580,630,630,630,1485,0,140,185.87322175077097,98.97819999605417,1516.1406999686733,162.0
1786878378,15,GET,/compute,29.200000,0.000000,140,150,160,160,260,360,460,580,630,630,630,1515,0,140,184.81353887797889,98.97819999605417,1516.1406999686733,162.0
1786878378,15,,Aggregated,29.200000,0.000000,140,150,160,160,260,360,460,580,630,630,630,1515,0,140,184.81353887797889,98.97819999605417,1516.1406999686733,162.0
1786878379,15,GET,/compute,29.300000,0.000000,140,150,160,160,260,360,460,580,630,630,630,1545,0,140,183.94553229773362,98.97819999605417,1516.1406999686733,162.0
1786878379,15,,Aggregated,29.300000,0.000000,140,150,160,160,260,360,460,580,630,630,630,1545,0,140,183.94553229773362,98.97819999605417,1516.1406999686733,162.0
1786878380,15,GET,/compute,29.300000,0.000000,140,150,160,160,260,360,460,580,630,630,630,1577,0,140,182.8460559923572,98.97819999605417,1516.1406999686733,162.0
1786878380,15,,Aggregated,29.300000,0.000000,140,150,160,160,260,360,460,580,630,630,630,1577,0,140,182.8460559923572,98.97819999605417,1516.1406999686733,162.0
